Key,Value
0,"{'init_cost_vector': [1, 1.5, 2.5, 24, 25, 27.5, 29], 'profit_history': [[794.1750000000025, 779.1750000000025, 749.1750000000025, 104.17500000000246, 12.36250000000041, 0.0, 0.0], [794.1750000000025, 779.1750000000025, 749.1750000000025, 104.17500000000246, 12.36250000000041, 0.0, 0.0], [794.1750000000025, 779.1750000000025, 749.1750000000025, 104.17500000000246, 12.36250000000041, 0.0, 0.0], [794.1750000000025, 779.1750000000025, 749.1750000000025, 104.17500000000246, 12.36250000000041, 0.0, 0.0], [794.1750000000025, 779.1750000000025, 749.1750000000025, 104.17500000000246, 12.36250000000041, 0.0, 0.0], [794.1750000000025, 779.1750000000025, 749.1750000000025, 104.17500000000246, 12.36250000000041, 0.0, 0.0], [794.1750000000025, 779.1750000000025, 749.1750000000025, 104.17500000000246, 12.36250000000041, 0.0, 0.0]], 'alpha_history': [[2.50250000000025, 2.50250000000025, 2.5, 24, 27.472500000000082, 27.5, 29], [1, 1.5, 2.5, 24, 27.472500000000082, 27.5, 29], [1, 1.5, 2.5, 24, 27.472500000000082, 27.5, 29], [1, 1.5, 2.5, 24, 27.472500000000082, 27.5, 29], [1, 1.5, 2.5, 24, 27.472500000000082, 27.5, 29], [1, 1.5, 2.5, 24, 27.472500000000082, 27.5, 29], [1, 1.5, 2.5, 24, 27.472500000000082, 27.5, 29]], 'dispatch_history': [[30.0, 30.0, 30.0, 30.0, 5.0, 0.0, 0.0], [30.0, 30.0, 30.0, 30.0, 5.0, 0.0, 0.0], [30.0, 30.0, 30.0, 30.0, 5.0, 0.0, 0.0], [30.0, 30.0, 30.0, 30.0, 5.0, 0.0, 0.0], [30.0, 30.0, 30.0, 30.0, 5.0, 0.0, 0.0], [30.0, 30.0, 30.0, 30.0, 5.0, 0.0, 0.0], [30.0, 30.0, 30.0, 30.0, 5.0, 0.0, 0.0]], 'iterations': 6, 'PoA': 3.451319095477397, 'final_dispatch': [30.0, 30.0, 30.0, 30.0, 5.0, 0.0, 0.0], 'final_bid': [1, 1.5, 2.5, 24, 27.472500000000082, 27.5, 29], 'clearing_price': 27.472500000000082, 'clearing_price_history': [27.472500000000082, 27.472500000000082, 27.472500000000082, 27.472500000000082, 27.472500000000082, 27.472500000000082, 27.472500000000082], 'dispatch_ED': [30.0, 30.0, 30.0, 30.0, 5.0, 0.0, 0.0], 'clearing_price_ED': 25.0, 'weight_history': [[None, None, None, None, None, None, None], [None, None, None, None, None, None, None], [None, None, None, None, None, None, None], [None, None, None, None, None, None, None], [None, None, None, None, None, None, None], [None, None, None, None, None, None, None], [None, None, None, None, None, None, None]], 'converged': True, 'not_converged': False, 'owner_indexes': (0, 1)}"
1,"{'init_cost_vector': [1, 1.5, 2.5, 24, 25, 27.5, 29], 'profit_history': [[794.1750000000025, 779.1750000000025, 749.1750000000025, 104.17500000000246, 12.36250000000041, 0.0, 0.0], [794.1750000000025, 779.1750000000025, 749.1750000000025, 104.17500000000246, 12.36250000000041, 0.0, 0.0], [794.1750000000025, 779.1750000000025, 749.1750000000025, 104.17500000000246, 12.36250000000041, 0.0, 0.0], [794.1750000000025, 779.1750000000025, 749.1750000000025, 104.17500000000246, 12.36250000000041, 0.0, 0.0], [794.1750000000025, 779.1750000000025, 749.1750000000025, 104.17500000000246, 12.36250000000041, 0.0, 0.0], [794.1750000000025, 779.1750000000025, 749.1750000000025, 104.17500000000246, 12.36250000000041, 0.0, 0.0], [794.1750000000025, 779.1750000000025, 749.1750000000025, 104.17500000000246, 12.36250000000041, 0.0, 0.0]], 'alpha_history': [[1.5015000000000533, 1.5, 2.5, 24, 27.472500000000082, 27.5, 29], [1.5015000000000533, 1.5, 2.5, 24, 27.472500000000082, 27.5, 29], [1.5015000000000533, 1.5, 2.5, 24, 27.472500000000082, 27.5, 29], [1.5015000000000533, 1.5, 2.5, 24, 27.472500000000082, 27.5, 29], [1.5015000000000533, 1.5, 2.5, 24, 27.472500000000082, 27.5, 29], [1.5015000000000533, 1.5, 2.5, 24, 27.472500000000082, 27.5, 29], [1.5015000000000533, 1.5, 2.5, 24, 27.472500000000082, 27.5, 29]], 'dispatch_history': [[30.0, 30.0, 30.0, 30.0, 5.0, 0.0, 0.0], [30.0, 30.0, 30.0, 30.0, 5.0, 0.0, 0.0], [30.0, 30.0, 30.0, 30.0, 5.0, 0.0, 0.0], [30.0, 30.0, 30.0, 30.0, 5.0, 0.0, 0.0], [30.0, 30.0, 30.0, 30.0, 5.0, 0.0, 0.0], [30.0, 30.0, 30.0, 30.0, 5.0, 0.0, 0.0], [30.0, 30.0, 30.0, 30.0, 5.0, 0.0, 0.0]], 'iterations': 6, 'PoA': 3.451319095477397, 'final_dispatch': [30.0, 30.0, 30.0, 30.0, 5.0, 0.0, 0.0], 'final_bid': [1.5015000000000533, 1.5, 2.5, 24, 27.472500000000082, 27.5, 29], 'clearing_price': 27.472500000000082, 'clearing_price_history': [27.472500000000082, 27.472500000000082, 27.472500000000082, 27.472500000000082, 27.472500000000082, 27.472500000000082, 27.472500000000082], 'dispatch_ED': [30.0, 30.0, 30.0, 30.0, 5.0, 0.0, 0.0], 'clearing_price_ED': 25.0, 'weight_history': [[None, None, None, None, None, None, None], [None, None, None, None, None, None, None], [None, None, None, None, None, None, None], [None, None, None, None, None, None, None], [None, None, None, None, None, None, None], [None, None, None, None, None, None, None], [None, None, None, None, None, None, None]], 'converged': True, 'not_converged': False, 'owner_indexes': (0, 2)}"
2,"{'init_cost_vector': [1, 1.5, 2.5, 24, 25, 27.5, 29], 'profit_history': [[794.1750000000025, 779.1750000000025, 749.1750000000025, 104.17500000000246, 12.36250000000041, 0.0, 0.0], [794.1750000000025, 779.1750000000025, 749.1750000000025, 104.17500000000246, 12.36250000000041, 0.0, 0.0], [794.1750000000025, 779.1750000000025, 749.1750000000025, 104.17500000000246, 12.36250000000041, 0.0, 0.0], [794.1750000000025, 779.1750000000025, 749.1750000000025, 104.17500000000246, 12.36250000000041, 0.0, 0.0], [794.1750000000025, 779.1750000000025, 749.1750000000025, 104.17500000000246, 12.36250000000041, 0.0, 0.0], [794.1750000000025, 779.1750000000025, 749.1750000000025, 104.17500000000246, 12.36250000000041, 0.0, 0.0], [794.1750000000025, 779.1750000000025, 749.1750000000025, 104.17500000000246, 12.36250000000041, 0.0, 0.0]], 'alpha_history': [[1.501500000000063, 1.5, 2.5, 24, 27.472500000000082, 27.5, 29], [1.501500000000063, 1.5, 2.5, 24, 27.472500000000082, 27.5, 29], [1.501500000000063, 1.5, 2.5, 24, 27.472500000000082, 27.5, 29], [1.501500000000063, 1.5, 2.5, 24, 27.472500000000082, 27.5, 29], [1.501500000000063, 1.5, 2.5, 24, 27.472500000000082, 27.5, 29], [1.501500000000063, 1.5, 2.5, 24, 27.472500000000082, 27.5, 29], [1.501500000000063, 1.5, 2.5, 24, 27.472500000000082, 27.5, 29]], 'dispatch_history': [[30.0, 30.0, 30.0, 30.0, 5.0, 0.0, 0.0], [30.0, 30.0, 30.0, 30.0, 5.0, 0.0, 0.0], [30.0, 30.0, 30.0, 30.0, 5.0, 0.0, 0.0], [30.0, 30.0, 30.0, 30.0, 5.0, 0.0, 0.0], [30.0, 30.0, 30.0, 30.0, 5.0, 0.0, 0.0], [30.0, 30.0, 30.0, 30.0, 5.0, 0.0, 0.0], [30.0, 30.0, 30.0, 30.0, 5.0, 0.0, 0.0]], 'iterations': 6, 'PoA': 3.451319095477397, 'final_dispatch': [30.0, 30.0, 30.0, 30.0, 5.0, 0.0, 0.0], 'final_bid': [1.501500000000063, 1.5, 2.5, 24, 27.472500000000082, 27.5, 29], 'clearing_price': 27.472500000000082, 'clearing_price_history': [27.472500000000082, 27.472500000000082, 27.472500000000082, 27.472500000000082, 27.472500000000082, 27.472500000000082, 27.472500000000082], 'dispatch_ED': [30.0, 30.0, 30.0, 30.0, 5.0, 0.0, 0.0], 'clearing_price_ED': 25.0, 'weight_history': [[None, None, None, None, None, None, None], [None, None, None, None, None, None, None], [None, None, None, None, None, None, None], [None, None, None, None, None, None, None], [None, None, None, None, None, None, None], [None, None, None, None, None, None, None], [None, None, None, None, None, None, None]], 'converged': True, 'not_converged': False, 'owner_indexes': (0, 3)}"
3,"{'init_cost_vector': [1, 1.5, 2.5, 24, 25, 27.5, 29], 'profit_history': [[794.1750000000025, 779.1750000000025, 749.1750000000025, 104.17500000000246, 12.36250000000041, 0.0, 0.0], [794.1750000000025, 779.1750000000025, 749.1750000000025, 104.17500000000246, 12.36250000000041, 0.0, 0.0], [794.1750000000025, 779.1750000000025, 749.1750000000025, 104.17500000000246, 12.36250000000041, 0.0, 0.0], [794.1750000000025, 779.1750000000025, 749.1750000000025, 104.17500000000246, 12.36250000000041, 0.0, 0.0], [794.1750000000025, 779.1750000000025, 749.1750000000025, 104.17500000000246, 12.36250000000041, 0.0, 0.0], [794.1750000000025, 779.1750000000025, 749.1750000000025, 104.17500000000246, 12.36250000000041, 0.0, 0.0], [794.1750000000025, 779.1750000000025, 749.1750000000025, 104.17500000000246, 12.36250000000041, 0.0, 0.0]], 'alpha_history': [[1.5015000000000593, 1.5, 2.5, 24, 27.472500000000082, 27.5, 29], [1.5015000000000593, 1.5, 2.5, 24, 27.472500000000082, 27.5, 29], [1.5015000000000593, 1.5, 2.5, 24, 27.472500000000082, 27.5, 29], [1.5015000000000593, 1.5, 2.5, 24, 27.472500000000082, 27.5, 29], [1.5015000000000593, 1.5, 2.5, 24, 27.472500000000082, 27.5, 29], [1.5015000000000593, 1.5, 2.5, 24, 27.472500000000082, 27.5, 29], [1.5015000000000593, 1.5, 2.5, 24, 27.472500000000082, 27.5, 29]], 'dispatch_history': [[30.0, 30.0, 30.0, 30.0, 5.0, 0.0, 0.0], [30.0, 30.0, 30.0, 30.0, 5.0, 0.0, 0.0], [30.0, 30.0, 30.0, 30.0, 5.0, 0.0, 0.0], [30.0, 30.0, 30.0, 30.0, 5.0, 0.0, 0.0], [30.0, 30.0, 30.0, 30.0, 5.0, 0.0, 0.0], [30.0, 30.0, 30.0, 30.0, 5.0, 0.0, 0.0], [30.0, 30.0, 30.0, 30.0, 5.0, 0.0, 0.0]], 'iterations': 6, 'PoA': 3.451319095477397, 'final_dispatch': [30.0, 30.0, 30.0, 30.0, 5.0, 0.0, 0.0], 'final_bid': [1.5015000000000593, 1.5, 2.5, 24, 27.472500000000082, 27.5, 29], 'clearing_price': 27.472500000000082, 'clearing_price_history': [27.472500000000082, 27.472500000000082, 27.472500000000082, 27.472500000000082, 27.472500000000082, 27.472500000000082, 27.472500000000082], 'dispatch_ED': [30.0, 30.0, 30.0, 30.0, 5.0, 0.0, 0.0], 'clearing_price_ED': 25.0, 'weight_history': [[None, None, None, None, None, None, None], [None, None, None, None, None, None, None], [None, None, None, None, None, None, None], [None, None, None, None, None, None, None], [None, None, None, None, None, None, None], [None, None, None, None, None, None, None], [None, None, None, None, None, None, None]], 'converged': True, 'not_converged': False, 'owner_indexes': (0, 4)}"
4,"{'init_cost_vector': [1, 1.5, 2.5, 24, 25, 27.5, 29], 'profit_history': [[794.1750000000025, 779.1750000000025, 749.1750000000025, 104.17500000000246, 12.36250000000041, 0.0, 0.0], [794.1750000000025, 779.1750000000025, 749.1750000000025, 104.17500000000246, 12.36250000000041, 0.0, 0.0], [794.1750000000025, 779.1750000000025, 749.1750000000025, 104.17500000000246, 12.36250000000041, 0.0, 0.0], [794.1750000000025, 779.1750000000025, 749.1750000000025, 104.17500000000246, 12.36250000000041, 0.0, 0.0], [794.1750000000025, 779.1750000000025, 749.1750000000025, 104.17500000000246, 12.36250000000041, 0.0, 0.0], [794.1750000000025, 779.1750000000025, 749.1750000000025, 104.17500000000246, 12.36250000000041, 0.0, 0.0], [794.1750000000025, 779.1750000000025, 749.1750000000025, 104.17500000000246, 12.36250000000041, 0.0, 0.0]], 'alpha_history': [[1.5015000000000593, 1.5, 2.5, 24, 27.472500000000082, 27.5, 29], [1.5015000000000593, 1.5, 2.5, 24, 27.472500000000082, 27.5, 29], [1.5015000000000593, 1.5, 2.5, 24, 27.472500000000082, 27.5, 29], [1.5015000000000593, 1.5, 2.5, 24, 27.472500000000082, 27.5, 29], [1.5015000000000593, 1.5, 2.5, 24, 27.472500000000082, 27.5, 29], [1.5015000000000593, 1.5, 2.5, 24, 27.472500000000082, 27.5, 29], [1.5015000000000593, 1.5, 2.5, 24, 27.472500000000082, 27.5, 29]], 'dispatch_history': [[30.0, 30.0, 30.0, 30.0, 5.0, 0.0, 0.0], [30.0, 30.0, 30.0, 30.0, 5.0, 0.0, 0.0], [30.0, 30.0, 30.0, 30.0, 5.0, 0.0, 0.0], [30.0, 30.0, 30.0, 30.0, 5.0, 0.0, 0.0], [30.0, 30.0, 30.0, 30.0, 5.0, 0.0, 0.0], [30.0, 30.0, 30.0, 30.0, 5.0, 0.0, 0.0], [30.0, 30.0, 30.0, 30.0, 5.0, 0.0, 0.0]], 'iterations': 6, 'PoA': 3.451319095477397, 'final_dispatch': [30.0, 30.0, 30.0, 30.0, 5.0, 0.0, 0.0], 'final_bid': [1.5015000000000593, 1.5, 2.5, 24, 27.472500000000082, 27.5, 29], 'clearing_price': 27.472500000000082, 'clearing_price_history': [27.472500000000082, 27.472500000000082, 27.472500000000082, 27.472500000000082, 27.472500000000082, 27.472500000000082, 27.472500000000082], 'dispatch_ED': [30.0, 30.0, 30.0, 30.0, 5.0, 0.0, 0.0], 'clearing_price_ED': 25.0, 'weight_history': [[None, None, None, None, None, None, None], [None, None, None, None, None, None, None], [None, None, None, None, None, None, None], [None, None, None, None, None, None, None], [None, None, None, None, None, None, None], [None, None, None, None, None, None, None], [None, None, None, None, None, None, None]], 'converged': True, 'not_converged': False, 'owner_indexes': (0, 5)}"
5,"{'init_cost_vector': [1, 1.5, 2.5, 24, 25, 27.5, 29], 'profit_history': [[794.1750000000025, 779.1750000000025, 749.1750000000025, 104.17500000000246, 12.36250000000041, 0.0, 0.0], [794.1750000000025, 779.1750000000025, 749.1750000000025, 104.17500000000246, 12.36250000000041, 0.0, 0.0], [794.1750000000025, 779.1750000000025, 749.1750000000025, 104.17500000000246, 12.36250000000041, 0.0, 0.0], [794.1750000000025, 779.1750000000025, 749.1750000000025, 104.17500000000246, 12.36250000000041, 0.0, 0.0], [794.1750000000025, 779.1750000000025, 749.1750000000025, 104.17500000000246, 12.36250000000041, 0.0, 0.0], [794.1750000000025, 779.1750000000025, 749.1750000000025, 104.17500000000246, 12.36250000000041, 0.0, 0.0], [794.1750000000025, 779.1750000000025, 749.1750000000025, 104.17500000000246, 12.36250000000041, 0.0, 0.0]], 'alpha_history': [[1, 2.49750000000088, 2.5, 24, 27.472500000000082, 27.5, 29], [1, 1.5, 2.5, 24, 27.472500000000082, 27.5, 29], [1, 1.5, 2.5, 24, 27.472500000000082, 27.5, 29], [1, 1.5, 2.5, 24, 27.472500000000082, 27.5, 29], [1, 1.5, 2.5, 24, 27.472500000000082, 27.5, 29], [1, 1.5, 2.5, 24, 27.472500000000082, 27.5, 29], [1, 1.5, 2.5, 24, 27.472500000000082, 27.5, 29]], 'dispatch_history': [[30.0, 30.0, 30.0, 30.0, 5.0, 0.0, 0.0], [30.0, 30.0, 30.0, 30.0, 5.0, 0.0, 0.0], [30.0, 30.0, 30.0, 30.0, 5.0, 0.0, 0.0], [30.0, 30.0, 30.0, 30.0, 5.0, 0.0, 0.0], [30.0, 30.0, 30.0, 30.0, 5.0, 0.0, 0.0], [30.0, 30.0, 30.0, 30.0, 5.0, 0.0, 0.0], [30.0, 30.0, 30.0, 30.0, 5.0, 0.0, 0.0]], 'iterations': 6, 'PoA': 3.451319095477397, 'final_dispatch': [30.0, 30.0, 30.0, 30.0, 5.0, 0.0, 0.0], 'final_bid': [1, 1.5, 2.5, 24, 27.472500000000082, 27.5, 29], 'clearing_price': 27.472500000000082, 'clearing_price_history': [27.472500000000082, 27.472500000000082, 27.472500000000082, 27.472500000000082, 27.472500000000082, 27.472500000000082, 27.472500000000082], 'dispatch_ED': [30.0, 30.0, 30.0, 30.0, 5.0, 0.0, 0.0], 'clearing_price_ED': 25.0, 'weight_history': [[None, None, None, None, None, None, None], [None, None, None, None, None, None, None], [None, None, None, None, None, None, None], [None, None, None, None, None, None, None], [None, None, None, None, None, None, None], [None, None, None, None, None, None, None], [None, None, None, None, None, None, None]], 'converged': True, 'not_converged': False, 'owner_indexes': (0, 6)}"
6,"{'init_cost_vector': [1, 1.5, 2.5, 24, 25, 27.5, 29], 'profit_history': [[794.1750000000025, 779.1750000000025, 749.1750000000025, 104.17500000000246, 12.36250000000041, 0.0, 0.0], [794.1750000000025, 779.1750000000025, 749.1750000000025, 104.17500000000246, 12.36250000000041, 0.0, 0.0], [794.1750000000025, 779.1750000000025, 749.1750000000025, 104.17500000000246, 12.36250000000041, 0.0, 0.0], [794.1750000000025, 779.1750000000025, 749.1750000000025, 104.17500000000246, 12.36250000000041, 0.0, 0.0], [794.1750000000025, 779.1750000000025, 749.1750000000025, 104.17500000000246, 12.36250000000041, 0.0, 0.0], [794.1750000000025, 779.1750000000025, 749.1750000000025, 104.17500000000246, 12.36250000000041, 0.0, 0.0], [794.1750000000025, 779.1750000000025, 749.1750000000025, 104.17500000000246, 12.36250000000041, 0.0, 0.0]], 'alpha_history': [[2.49750000000088, 2.4999975000007204, 2.5, 24, 27.472500000000082, 27.5, 29], [1, 1.5, 2.5, 24, 27.472500000000082, 27.5, 29], [1, 1.5, 2.5, 24, 27.472500000000082, 27.5, 29], [1, 1.5, 2.5, 24, 27.472500000000082, 27.5, 29], [1, 1.5, 2.5, 24, 27.472500000000082, 27.5, 29], [1, 1.5, 2.5, 24, 27.472500000000082, 27.5, 29], [1, 1.5, 2.5, 24, 27.472500000000082, 27.5, 29]], 'dispatch_history': [[30.0, 30.0, 30.0, 30.0, 5.0, 0.0, 0.0], [30.0, 30.0, 30.0, 30.0, 5.0, 0.0, 0.0], [30.0, 30.0, 30.0, 30.0, 5.0, 0.0, 0.0], [30.0, 30.0, 30.0, 30.0, 5.0, 0.0, 0.0], [30.0, 30.0, 30.0, 30.0, 5.0, 0.0, 0.0], [30.0, 30.0, 30.0, 30.0, 5.0, 0.0, 0.0], [30.0, 30.0, 30.0, 30.0, 5.0, 0.0, 0.0]], 'iterations': 6, 'PoA': 3.451319095477397, 'final_dispatch': [30.0, 30.0, 30.0, 30.0, 5.0, 0.0, 0.0], 'final_bid': [1, 1.5, 2.5, 24, 27.472500000000082, 27.5, 29], 'clearing_price': 27.472500000000082, 'clearing_price_history': [27.472500000000082, 27.472500000000082, 27.472500000000082, 27.472500000000082, 27.472500000000082, 27.472500000000082, 27.472500000000082], 'dispatch_ED': [30.0, 30.0, 30.0, 30.0, 5.0, 0.0, 0.0], 'clearing_price_ED': 25.0, 'weight_history': [[None, None, None, None, None, None, None], [None, None, None, None, None, None, None], [None, None, None, None, None, None, None], [None, None, None, None, None, None, None], [None, None, None, None, None, None, None], [None, None, None, None, None, None, None], [None, None, None, None, None, None, None]], 'converged': True, 'not_converged': False, 'owner_indexes': (1, 2)}"
7,"{'init_cost_vector': [1, 1.5, 2.5, 24, 25, 27.5, 29], 'profit_history': [[794.1750000000025, 779.1750000000025, 749.1750000000025, 17.36250000000041, 74.17500000000246, 0.0, 0.0], [794.1750000000025, 779.1750000000025, 749.1750000000025, 17.36250000000041, 74.17500000000246, 0.0, 0.0], [794.1750000000025, 779.1750000000025, 749.1750000000025, 17.36250000000041, 74.17500000000246, 0.0, 0.0], [794.1750000000025, 779.1750000000025, 749.1750000000025, 17.36250000000041, 74.17500000000246, 0.0, 0.0], [794.1750000000025, 779.1750000000025, 749.1750000000025, 17.36250000000041, 74.17500000000246, 0.0, 0.0], [794.1750000000025, 779.1750000000025, 749.1750000000025, 17.36250000000041, 74.17500000000246, 0.0, 0.0], [794.1750000000025, 779.1750000000025, 749.1750000000025, 17.36250000000041, 74.17500000000246, 0.0, 0.0]], 'alpha_history': [[1, 2.5025000000005093, 2.5, 27.472500000000082, 25, 27.5, 29], [1, 2.5025000000005093, 2.5, 27.472500000000082, 25, 27.5, 29], [1, 2.5025000000005093, 2.5, 27.472500000000082, 25, 27.5, 29], [1, 2.5025000000005093, 2.5, 27.472500000000082, 25, 27.5, 29], [1, 2.5025000000005093, 2.5, 27.472500000000082, 25, 27.5, 29], [1, 2.5025000000005093, 2.5, 27.472500000000082, 25, 27.5, 29], [1, 2.5025000000005093, 2.5, 27.472500000000082, 25, 27.5, 29]], 'dispatch_history': [[30.0, 30.0, 30.0, 5.0, 30.0, 0.0, 0.0], [30.0, 30.0, 30.0, 5.0, 30.0, 0.0, 0.0], [30.0, 30.0, 30.0, 5.0, 30.0, 0.0, 0.0], [30.0, 30.0, 30.0, 5.0, 30.0, 0.0, 0.0], [30.0, 30.0, 30.0, 5.0, 30.0, 0.0, 0.0], [30.0, 30.0, 30.0, 5.0, 30.0, 0.0, 0.0], [30.0, 30.0, 30.0, 5.0, 30.0, 0.0, 0.0]], 'iterations': 6, 'PoA': 3.451319095477397, 'final_dispatch': [30.0, 30.0, 30.0, 5.0, 30.0, 0.0, 0.0], 'final_bid': [1, 2.5025000000005093, 2.5, 27.472500000000082, 25, 27.5, 29], 'clearing_price': 27.472500000000082, 'clearing_price_history': [27.472500000000082, 27.472500000000082, 27.472500000000082, 27.472500000000082, 27.472500000000082, 27.472500000000082, 27.472500000000082], 'dispatch_ED': [30.0, 30.0, 30.0, 30.0, 5.0, 0.0, 0.0], 'clearing_price_ED': 25.0, 'weight_history': [[None, None, None, None, None, None, None], [None, None, None, None, None, None, None], [None, None, None, None, None, None, None], [None, None, None, None, None, None, None], [None, None, None, None, None, None, None], [None, None, None, None, None, None, None], [None, None, None, None, None, None, None]], 'converged': True, 'not_converged': False, 'owner_indexes': (1, 3)}"
8,"{'init_cost_vector': [1, 1.5, 2.5, 24, 25, 27.5, 29], 'profit_history': [[794.1750000000025, 779.1750000000025, 749.1750000000025, 104.17500000000246, 12.36250000000041, 0.0, 0.0], [794.1750000000025, 779.1750000000025, 749.1750000000025, 104.17500000000246, 12.36250000000041, 0.0, 0.0], [794.1750000000025, 779.1750000000025, 749.1750000000025, 104.17500000000246, 12.36250000000041, 0.0, 0.0], [794.1750000000025, 779.1750000000025, 749.1750000000025, 104.17500000000246, 12.36250000000041, 0.0, 0.0], [794.1750000000025, 779.1750000000025, 749.1750000000025, 104.17500000000246, 12.36250000000041, 0.0, 0.0], [794.1750000000025, 779.1750000000025, 749.1750000000025, 104.17500000000246, 12.36250000000041, 0.0, 0.0], [794.1750000000025, 779.1750000000025, 749.1750000000025, 104.17500000000246, 12.36250000000041, 0.0, 0.0]], 'alpha_history': [[1, 1.5, 2.5, 24, 27.472500000000082, 27.5, 29], [1, 1.5, 2.5, 24, 27.472500000000082, 27.5, 29], [1, 1.5, 2.5, 24, 27.472500000000082, 27.5, 29], [1, 1.5, 2.5, 24, 27.472500000000082, 27.5, 29], [1, 1.5, 2.5, 24, 27.472500000000082, 27.5, 29], [1, 1.5, 2.5, 24, 27.472500000000082, 27.5, 29], [1, 1.5, 2.5, 24, 27.472500000000082, 27.5, 29]], 'dispatch_history': [[30.0, 30.0, 30.0, 30.0, 5.0, 0.0, 0.0], [30.0, 30.0, 30.0, 30.0, 5.0, 0.0, 0.0], [30.0, 30.0, 30.0, 30.0, 5.0, 0.0, 0.0], [30.0, 30.0, 30.0, 30.0, 5.0, 0.0, 0.0], [30.0, 30.0, 30.0, 30.0, 5.0, 0.0, 0.0], [30.0, 30.0, 30.0, 30.0, 5.0, 0.0, 0.0], [30.0, 30.0, 30.0, 30.0, 5.0, 0.0, 0.0]], 'iterations': 6, 'PoA': 3.451319095477397, 'final_dispatch': [30.0, 30.0, 30.0, 30.0, 5.0, 0.0, 0.0], 'final_bid': [1, 1.5, 2.5, 24, 27.472500000000082, 27.5, 29], 'clearing_price': 27.472500000000082, 'clearing_price_history': [27.472500000000082, 27.472500000000082, 27.472500000000082, 27.472500000000082, 27.472500000000082, 27.472500000000082, 27.472500000000082], 'dispatch_ED': [30.0, 30.0, 30.0, 30.0, 5.0, 0.0, 0.0], 'clearing_price_ED': 25.0, 'weight_history': [[None, None, None, None, None, None, None], [None, None, None, None, None, None, None], [None, None, None, None, None, None, None], [None, None, None, None, None, None, None], [None, None, None, None, None, None, None], [None, None, None, None, None, None, None], [None, None, None, None, None, None, None]], 'converged': True, 'not_converged': False, 'owner_indexes': (1, 4)}"
9,"{'init_cost_vector': [1, 1.5, 2.5, 24, 25, 27.5, 29], 'profit_history': [[794.1750000000025, 779.1750000000025, 749.1750000000025, 104.17500000000246, 12.36250000000041, 0.0, 0.0], [794.1750000000025, 779.1750000000025, 749.1750000000025, 104.17500000000246, 12.36250000000041, 0.0, 0.0], [794.1750000000025, 779.1750000000025, 749.1750000000025, 104.17500000000246, 12.36250000000041, 0.0, 0.0], [794.1750000000025, 779.1750000000025, 749.1750000000025, 104.17500000000246, 12.36250000000041, 0.0, 0.0], [794.1750000000025, 779.1750000000025, 749.1750000000025, 104.17500000000246, 12.36250000000041, 0.0, 0.0], [794.1750000000025, 779.1750000000025, 749.1750000000025, 104.17500000000246, 12.36250000000041, 0.0, 0.0], [794.1750000000025, 779.1750000000025, 749.1750000000025, 104.17500000000246, 12.36250000000041, 0.0, 0.0]], 'alpha_history': [[2.49750000000088, 1.5, 2.5, 24, 27.472500000000082, 27.5, 29], [1, 2.502500000000257, 2.5, 24, 27.472500000000082, 27.5, 29], [1, 1.5, 2.5, 24, 27.472500000000082, 27.5, 29], [1, 1.5, 2.5, 24, 27.472500000000082, 27.5, 29], [1, 1.5, 2.5, 24, 27.472500000000082, 27.5, 29], [1, 1.5, 2.5, 24, 27.472500000000082, 27.5, 29], [1, 1.5, 2.5, 24, 27.472500000000082, 27.5, 29]], 'dispatch_history': [[30.0, 30.0, 30.0, 30.0, 5.0, 0.0, 0.0], [30.0, 30.0, 30.0, 30.0, 5.0, 0.0, 0.0], [30.0, 30.0, 30.0, 30.0, 5.0, 0.0, 0.0], [30.0, 30.0, 30.0, 30.0, 5.0, 0.0, 0.0], [30.0, 30.0, 30.0, 30.0, 5.0, 0.0, 0.0], [30.0, 30.0, 30.0, 30.0, 5.0, 0.0, 0.0], [30.0, 30.0, 30.0, 30.0, 5.0, 0.0, 0.0]], 'iterations': 6, 'PoA': 3.451319095477397, 'final_dispatch': [30.0, 30.0, 30.0, 30.0, 5.0, 0.0, 0.0], 'final_bid': [1, 1.5, 2.5, 24, 27.472500000000082, 27.5, 29], 'clearing_price': 27.472500000000082, 'clearing_price_history': [27.472500000000082, 27.472500000000082, 27.472500000000082, 27.472500000000082, 27.472500000000082, 27.472500000000082, 27.472500000000082], 'dispatch_ED': [30.0, 30.0, 30.0, 30.0, 5.0, 0.0, 0.0], 'clearing_price_ED': 25.0, 'weight_history': [[None, None, None, None, None, None, None], [None, None, None, None, None, None, None], [None, None, None, None, None, None, None], [None, None, None, None, None, None, None], [None, None, None, None, None, None, None], [None, None, None, None, None, None, None], [None, None, None, None, None, None, None]], 'converged': True, 'not_converged': False, 'owner_indexes': (1, 5)}"
10,"{'init_cost_vector': [1, 1.5, 2.5, 24, 25, 27.5, 29], 'profit_history': [[794.1750000000025, 779.1750000000025, 749.1750000000025, 104.17500000000246, 12.36250000000041, 0.0, 0.0], [794.1750000000025, 779.1750000000025, 749.1750000000025, 104.17500000000246, 12.36250000000041, 0.0, 0.0], [794.1750000000025, 779.1750000000025, 749.1750000000025, 104.17500000000246, 12.36250000000041, 0.0, 0.0], [794.1750000000025, 779.1750000000025, 749.1750000000025, 104.17500000000246, 12.36250000000041, 0.0, 0.0], [794.1750000000025, 779.1750000000025, 749.1750000000025, 104.17500000000246, 12.36250000000041, 0.0, 0.0], [794.1750000000025, 779.1750000000025, 749.1750000000025, 104.17500000000246, 12.36250000000041, 0.0, 0.0], [794.1750000000025, 779.1750000000025, 749.1750000000025, 104.17500000000246, 12.36250000000041, 0.0, 0.0]], 'alpha_history': [[2.49750000000088, 2.502500000000257, 2.5, 24, 27.472500000000082, 27.5, 29], [1, 1.5, 2.5, 24, 27.472500000000082, 27.5, 29], [1, 1.5, 2.5, 24, 27.472500000000082, 27.5, 29], [1, 1.5, 2.5, 24, 27.472500000000082, 27.5, 29], [1, 1.5, 2.5, 24, 27.472500000000082, 27.5, 29], [1, 1.5, 2.5, 24, 27.472500000000082, 27.5, 29], [1, 1.5, 2.5, 24, 27.472500000000082, 27.5, 29]], 'dispatch_history': [[30.0, 30.0, 30.0, 30.0, 5.0, 0.0, 0.0], [30.0, 30.0, 30.0, 30.0, 5.0, 0.0, 0.0], [30.0, 30.0, 30.0, 30.0, 5.0, 0.0, 0.0], [30.0, 30.0, 30.0, 30.0, 5.0, 0.0, 0.0], [30.0, 30.0, 30.0, 30.0, 5.0, 0.0, 0.0], [30.0, 30.0, 30.0, 30.0, 5.0, 0.0, 0.0], [30.0, 30.0, 30.0, 30.0, 5.0, 0.0, 0.0]], 'iterations': 6, 'PoA': 3.451319095477397, 'final_dispatch': [30.0, 30.0, 30.0, 30.0, 5.0, 0.0, 0.0], 'final_bid': [1, 1.5, 2.5, 24, 27.472500000000082, 27.5, 29], 'clearing_price': 27.472500000000082, 'clearing_price_history': [27.472500000000082, 27.472500000000082, 27.472500000000082, 27.472500000000082, 27.472500000000082, 27.472500000000082, 27.472500000000082], 'dispatch_ED': [30.0, 30.0, 30.0, 30.0, 5.0, 0.0, 0.0], 'clearing_price_ED': 25.0, 'weight_history': [[None, None, None, None, None, None, None], [None, None, None, None, None, None, None], [None, None, None, None, None, None, None], [None, None, None, None, None, None, None], [None, None, None, None, None, None, None], [None, None, None, None, None, None, None], [None, None, None, None, None, None, None]], 'converged': True, 'not_converged': False, 'owner_indexes': (1, 6)}"
11,"{'init_cost_vector': [1, 1.5, 2.5, 24, 25, 27.5, 29], 'profit_history': [[794.1750000000025, 779.1750000000025, 749.1750000000025, 17.36250000000041, 74.17500000000246, 0.0, 0.0], [794.1750000000025, 779.1750000000025, 749.1750000000025, 17.36250000000041, 74.17500000000246, 0.0, 0.0], [794.1750000000025, 779.1750000000025, 749.1750000000025, 17.36250000000041, 74.17500000000246, 0.0, 0.0], [794.1750000000025, 779.1750000000025, 749.1750000000025, 17.36250000000041, 74.17500000000246, 0.0, 0.0], [794.1750000000025, 779.1750000000025, 749.1750000000025, 17.36250000000041, 74.17500000000246, 0.0, 0.0], [794.1750000000025, 779.1750000000025, 749.1750000000025, 17.36250000000041, 74.17500000000246, 0.0, 0.0], [794.1750000000025, 779.1750000000025, 749.1750000000025, 17.36250000000041, 74.17500000000246, 0.0, 0.0]], 'alpha_history': [[1, 2.49750000000088, 2.5, 27.472500000000082, 25, 27.5, 29], [1, 1.5, 2.5, 27.472500000000082, 25, 27.5, 29], [1, 1.5, 2.5, 27.472500000000082, 25, 27.5, 29], [1, 1.5, 2.5, 27.472500000000082, 25, 27.5, 29], [1, 1.5, 2.5, 27.472500000000082, 25, 27.5, 29], [1, 1.5, 2.5, 27.472500000000082, 25, 27.5, 29], [1, 1.5, 2.5, 27.472500000000082, 25, 27.5, 29]], 'dispatch_history': [[30.0, 30.0, 30.0, 5.0, 30.0, 0.0, 0.0], [30.0, 30.0, 30.0, 5.0, 30.0, 0.0, 0.0], [30.0, 30.0, 30.0, 5.0, 30.0, 0.0, 0.0], [30.0, 30.0, 30.0, 5.0, 30.0, 0.0, 0.0], [30.0, 30.0, 30.0, 5.0, 30.0, 0.0, 0.0], [30.0, 30.0, 30.0, 5.0, 30.0, 0.0, 0.0], [30.0, 30.0, 30.0, 5.0, 30.0, 0.0, 0.0]], 'iterations': 6, 'PoA': 3.451319095477397, 'final_dispatch': [30.0, 30.0, 30.0, 5.0, 30.0, 0.0, 0.0], 'final_bid': [1, 1.5, 2.5, 27.472500000000082, 25, 27.5, 29], 'clearing_price': 27.472500000000082, 'clearing_price_history': [27.472500000000082, 27.472500000000082, 27.472500000000082, 27.472500000000082, 27.472500000000082, 27.472500000000082, 27.472500000000082], 'dispatch_ED': [30.0, 30.0, 30.0, 30.0, 5.0, 0.0, 0.0], 'clearing_price_ED': 25.0, 'weight_history': [[None, None, None, None, None, None, None], [None, None, None, None, None, None, None], [None, None, None, None, None, None, None], [None, None, None, None, None, None, None], [None, None, None, None, None, None, None], [None, None, None, None, None, None, None], [None, None, None, None, None, None, None]], 'converged': True, 'not_converged': False, 'owner_indexes': (2, 3)}"
12,"{'init_cost_vector': [1, 1.5, 2.5, 24, 25, 27.5, 29], 'profit_history': [[794.1750000000025, 779.1750000000025, 749.1750000000025, 104.17500000000246, 12.36250000000041, 0.0, 0.0], [794.1750000000025, 779.1750000000025, 749.1750000000025, 104.17500000000246, 12.36250000000041, 0.0, 0.0], [794.1750000000025, 779.1750000000025, 749.1750000000025, 104.17500000000246, 12.36250000000041, 0.0, 0.0], [794.1750000000025, 779.1750000000025, 749.1750000000025, 104.17500000000246, 12.36250000000041, 0.0, 0.0], [794.1750000000025, 779.1750000000025, 749.1750000000025, 104.17500000000246, 12.36250000000041, 0.0, 0.0], [794.1750000000025, 779.1750000000025, 749.1750000000025, 104.17500000000246, 12.36250000000041, 0.0, 0.0], [794.1750000000025, 779.1750000000025, 749.1750000000025, 104.17500000000246, 12.36250000000041, 0.0, 0.0]], 'alpha_history': [[2.49750000000088, 1.5, 2.5, 24, 27.472500000000082, 27.5, 29], [1, 1.5, 2.5, 24, 27.472500000000082, 27.5, 29], [1, 1.5, 2.5, 24, 27.472500000000082, 27.5, 29], [1, 1.5, 2.5, 24, 27.472500000000082, 27.5, 29], [1, 1.5, 2.5, 24, 27.472500000000082, 27.5, 29], [1, 1.5, 2.5, 24, 27.472500000000082, 27.5, 29], [1, 1.5, 2.5, 24, 27.472500000000082, 27.5, 29]], 'dispatch_history': [[30.0, 30.0, 30.0, 30.0, 5.0, 0.0, 0.0], [30.0, 30.0, 30.0, 30.0, 5.0, 0.0, 0.0], [30.0, 30.0, 30.0, 30.0, 5.0, 0.0, 0.0], [30.0, 30.0, 30.0, 30.0, 5.0, 0.0, 0.0], [30.0, 30.0, 30.0, 30.0, 5.0, 0.0, 0.0], [30.0, 30.0, 30.0, 30.0, 5.0, 0.0, 0.0], [30.0, 30.0, 30.0, 30.0, 5.0, 0.0, 0.0]], 'iterations': 6, 'PoA': 3.451319095477397, 'final_dispatch': [30.0, 30.0, 30.0, 30.0, 5.0, 0.0, 0.0], 'final_bid': [1, 1.5, 2.5, 24, 27.472500000000082, 27.5, 29], 'clearing_price': 27.472500000000082, 'clearing_price_history': [27.472500000000082, 27.472500000000082, 27.472500000000082, 27.472500000000082, 27.472500000000082, 27.472500000000082, 27.472500000000082], 'dispatch_ED': [30.0, 30.0, 30.0, 30.0, 5.0, 0.0, 0.0], 'clearing_price_ED': 25.0, 'weight_history': [[None, None, None, None, None, None, None], [None, None, None, None, None, None, None], [None, None, None, None, None, None, None], [None, None, None, None, None, None, None], [None, None, None, None, None, None, None], [None, None, None, None, None, None, None], [None, None, None, None, None, None, None]], 'converged': True, 'not_converged': False, 'owner_indexes': (2, 4)}"
13,"{'init_cost_vector': [1, 1.5, 2.5, 24, 25, 27.5, 29], 'profit_history': [[794.1750000000025, 779.1750000000025, 749.1750000000025, 104.17500000000246, 12.36250000000041, 0.0, 0.0], [794.1750000000025, 779.1750000000025, 749.1750000000025, 104.17500000000246, 12.36250000000041, 0.0, 0.0], [794.1750000000025, 779.1750000000025, 749.1750000000025, 104.17500000000246, 12.36250000000041, 0.0, 0.0], [794.1750000000025, 779.1750000000025, 749.1750000000025, 104.17500000000246, 12.36250000000041, 0.0, 0.0], [794.1750000000025, 779.1750000000025, 749.1750000000025, 104.17500000000246, 12.36250000000041, 0.0, 0.0], [794.1750000000025, 779.1750000000025, 749.1750000000025, 104.17500000000246, 12.36250000000041, 0.0, 0.0], [794.1750000000025, 779.1750000000025, 749.1750000000025, 104.17500000000246, 12.36250000000041, 0.0, 0.0]], 'alpha_history': [[1, 1.5, 2.5, 24, 27.472500000000082, 27.5, 29], [1, 1.5, 2.5, 24, 27.472500000000082, 27.5, 29], [1, 1.5, 2.5, 24, 27.472500000000082, 27.5, 29], [1, 1.5, 2.5, 24, 27.472500000000082, 27.5, 29], [1, 1.5, 2.5, 24, 27.472500000000082, 27.5, 29], [1, 1.5, 2.5, 24, 27.472500000000082, 27.5, 29], [1, 1.5, 2.5, 24, 27.472500000000082, 27.5, 29]], 'dispatch_history': [[30.0, 30.0, 30.0, 30.0, 5.0, 0.0, 0.0], [30.0, 30.0, 30.0, 30.0, 5.0, 0.0, 0.0], [30.0, 30.0, 30.0, 30.0, 5.0, 0.0, 0.0], [30.0, 30.0, 30.0, 30.0, 5.0, 0.0, 0.0], [30.0, 30.0, 30.0, 30.0, 5.0, 0.0, 0.0], [30.0, 30.0, 30.0, 30.0, 5.0, 0.0, 0.0], [30.0, 30.0, 30.0, 30.0, 5.0, 0.0, 0.0]], 'iterations': 6, 'PoA': 3.451319095477397, 'final_dispatch': [30.0, 30.0, 30.0, 30.0, 5.0, 0.0, 0.0], 'final_bid': [1, 1.5, 2.5, 24, 27.472500000000082, 27.5, 29], 'clearing_price': 27.472500000000082, 'clearing_price_history': [27.472500000000082, 27.472500000000082, 27.472500000000082, 27.472500000000082, 27.472500000000082, 27.472500000000082, 27.472500000000082], 'dispatch_ED': [30.0, 30.0, 30.0, 30.0, 5.0, 0.0, 0.0], 'clearing_price_ED': 25.0, 'weight_history': [[None, None, None, None, None, None, None], [None, None, None, None, None, None, None], [None, None, None, None, None, None, None], [None, None, None, None, None, None, None], [None, None, None, None, None, None, None], [None, None, None, None, None, None, None], [None, None, None, None, None, None, None]], 'converged': True, 'not_converged': False, 'owner_indexes': (2, 5)}"
14,"{'init_cost_vector': [1, 1.5, 2.5, 24, 25, 27.5, 29], 'profit_history': [[794.1750000000302, 779.1750000000302, 749.1750000000302, 104.1750000000302, 12.362500000005014, 0.0, 0.0], [794.1750000000302, 779.1750000000302, 749.1750000000302, 104.1750000000302, 12.362500000005014, 0.0, 0.0], [794.1750000000025, 779.1750000000025, 749.1750000000025, 104.17500000000246, 12.36250000000041, 0.0, 0.0], [794.1750000000025, 779.1750000000025, 749.1750000000025, 104.17500000000246, 12.36250000000041, 0.0, 0.0], [794.1750000000025, 779.1750000000025, 749.1750000000025, 104.17500000000246, 12.36250000000041, 0.0, 0.0], [794.1750000000025, 779.1750000000025, 749.1750000000025, 104.17500000000246, 12.36250000000041, 0.0, 0.0], [794.1750000000025, 779.1750000000025, 749.1750000000025, 104.17500000000246, 12.36250000000041, 0.0, 0.0], [794.1750000000025, 779.1750000000025, 749.1750000000025, 104.17500000000246, 12.36250000000041, 0.0, 0.0], [794.1750000000025, 779.1750000000025, 749.1750000000025, 104.17500000000246, 12.36250000000041, 0.0, 0.0], [794.1750000000025, 779.1750000000025, 749.1750000000025, 104.17500000000246, 12.36250000000041, 0.0, 0.0], [794.1750000000025, 779.1750000000025, 749.1750000000025, 104.17500000000246, 12.36250000000041, 0.0, 0.0], [794.1750000000025, 779.1750000000025, 749.1750000000025, 104.17500000000246, 12.36250000000041, 0.0, 0.0], [794.1750000000025, 779.1750000000025, 749.1750000000025, 104.17500000000246, 12.36250000000041, 0.0, 0.0], [794.1750000000025, 779.1750000000025, 749.1750000000025, 104.17500000000246, 12.36250000000041, 0.0, 0.0], [794.1750000000025, 779.1750000000025, 749.1750000000025, 104.17500000000246, 12.36250000000041, 0.0, 0.0], [794.1750000000025, 779.1750000000025, 749.1750000000025, 104.17500000000246, 12.36250000000041, 0.0, 0.0], [794.1750000000025, 779.1750000000025, 749.1750000000025, 104.17500000000246, 12.36250000000041, 0.0, 0.0], [794.1750000000025, 779.1750000000025, 749.1750000000025, 104.17500000000246, 12.36250000000041, 0.0, 0.0], [794.1750000000025, 779.1750000000025, 749.1750000000025, 104.17500000000246, 12.36250000000041, 0.0, 0.0], [794.1750000000025, 779.1750000000025, 749.1750000000025, 104.17500000000246, 12.36250000000041, 0.0, 0.0], [794.1750000000025, 779.1750000000025, 749.1750000000025, 104.17500000000246, 12.36250000000041, 0.0, 0.0], [794.1750000000025, 779.1750000000025, 749.1750000000025, 104.17500000000246, 12.36250000000041, 0.0, 0.0], [794.1750000000025, 779.1750000000025, 749.1750000000025, 104.17500000000246, 12.36250000000041, 0.0, 0.0], [794.1750000000025, 779.1750000000025, 749.1750000000025, 104.17500000000246, 12.36250000000041, 0.0, 0.0], [794.1750000000025, 779.1750000000025, 749.1750000000025, 104.17500000000246, 12.36250000000041, 0.0, 0.0], [794.1750000000025, 779.1750000000025, 749.1750000000025, 104.17500000000246, 12.36250000000041, 0.0, 0.0], [794.1750000000025, 779.1750000000025, 749.1750000000025, 104.17500000000246, 12.36250000000041, 0.0, 0.0], [794.1750000000025, 779.1750000000025, 749.1750000000025, 104.17500000000246, 12.36250000000041, 0.0, 0.0], [794.1750000000025, 779.1750000000025, 749.1750000000025, 104.17500000000246, 12.36250000000041, 0.0, 0.0], [794.1750000000025, 779.1750000000025, 749.1750000000025, 104.17500000000246, 12.36250000000041, 0.0, 0.0], [794.1750000000025, 779.1750000000025, 749.1750000000025, 104.17500000000246, 12.36250000000041, 0.0, 0.0], [794.1750000000025, 779.1750000000025, 749.1750000000025, 104.17500000000246, 12.36250000000041, 0.0, 0.0], [794.1750000000025, 779.1750000000025, 749.1750000000025, 104.17500000000246, 12.36250000000041, 0.0, 0.0], [794.1750000000025, 779.1750000000025, 749.1750000000025, 104.17500000000246, 12.36250000000041, 0.0, 0.0], [794.1750000000025, 779.1750000000025, 749.1750000000025, 104.17500000000246, 12.36250000000041, 0.0, 0.0], [794.1750000000025, 779.1750000000025, 749.1750000000025, 104.17500000000246, 12.36250000000041, 0.0, 0.0], [794.1750000000025, 779.1750000000025, 749.1750000000025, 104.17500000000246, 12.36250000000041, 0.0, 0.0], [794.1750000000025, 779.1750000000025, 749.1750000000025, 104.17500000000246, 12.36250000000041, 0.0, 0.0], [794.1750000000025, 779.1750000000025, 749.1750000000025, 104.17500000000246, 12.36250000000041, 0.0, 0.0], [794.1750000000025, 779.1750000000025, 749.1750000000025, 104.17500000000246, 12.36250000000041, 0.0, 0.0], [794.1750000000025, 779.1750000000025, 749.1750000000025, 104.17500000000246, 12.36250000000041, 0.0, 0.0], [794.1750000000025, 779.1750000000025, 749.1750000000025, 104.17500000000246, 12.36250000000041, 0.0, 0.0], [794.1750000000025, 779.1750000000025, 749.1750000000025, 104.17500000000246, 12.36250000000041, 0.0, 0.0], [794.1750000000025, 779.1750000000025, 749.1750000000025, 104.17500000000246, 12.36250000000041, 0.0, 0.0], [794.1750000000025, 779.1750000000025, 749.1750000000025, 104.17500000000246, 12.36250000000041, 0.0, 0.0], [794.1750000000025, 779.1750000000025, 749.1750000000025, 104.17500000000246, 12.36250000000041, 0.0, 0.0], [794.1750000000025, 779.1750000000025, 749.1750000000025, 104.17500000000246, 12.36250000000041, 0.0, 0.0], [794.1750000000025, 779.1750000000025, 749.1750000000025, 104.17500000000246, 12.36250000000041, 0.0, 0.0], [794.1750000000025, 779.1750000000025, 749.1750000000025, 104.17500000000246, 12.36250000000041, 0.0, 0.0], [794.1750000000025, 779.1750000000025, 749.1750000000025, 104.17500000000246, 12.36250000000041, 0.0, 0.0], [794.1750000000025, 779.1750000000025, 749.1750000000025, 104.17500000000246, 12.36250000000041, 0.0, 0.0], [794.1750000000025, 779.1750000000025, 749.1750000000025, 104.17500000000246, 12.36250000000041, 0.0, 0.0], [794.1750000000025, 779.1750000000025, 749.1750000000025, 104.17500000000246, 12.36250000000041, 0.0, 0.0], [794.1750000000025, 779.1750000000025, 749.1750000000025, 104.17500000000246, 12.36250000000041, 0.0, 0.0], [794.1750000000025, 779.1750000000025, 749.1750000000025, 104.17500000000246, 12.36250000000041, 0.0, 0.0], [794.1750000000025, 779.1750000000025, 749.1750000000025, 104.17500000000246, 12.36250000000041, 0.0, 0.0], [794.1750000000025, 779.1750000000025, 749.1750000000025, 104.17500000000246, 12.36250000000041, 0.0, 0.0], [794.1750000000025, 779.1750000000025, 749.1750000000025, 104.17500000000246, 12.36250000000041, 0.0, 0.0], [794.1750000000025, 779.1750000000025, 749.1750000000025, 104.17500000000246, 12.36250000000041, 0.0, 0.0], [794.1750000000025, 779.1750000000025, 749.1750000000025, 104.17500000000246, 12.36250000000041, 0.0, 0.0], [794.1750000000025, 779.1750000000025, 749.1750000000025, 104.17500000000246, 12.36250000000041, 0.0, 0.0], [794.1750000000025, 779.1750000000025, 749.1750000000025, 104.17500000000246, 12.36250000000041, 0.0, 0.0], [794.1750000000025, 779.1750000000025, 749.1750000000025, 104.17500000000246, 12.36250000000041, 0.0, 0.0], [794.1750000000025, 779.1750000000025, 749.1750000000025, 104.17500000000246, 12.36250000000041, 0.0, 0.0], [794.1750000000025, 779.1750000000025, 749.1750000000025, 104.17500000000246, 12.36250000000041, 0.0, 0.0], [794.1750000000025, 779.1750000000025, 749.1750000000025, 104.17500000000246, 12.36250000000041, 0.0, 0.0], [794.1750000000025, 779.1750000000025, 749.1750000000025, 104.17500000000246, 12.36250000000041, 0.0, 0.0], [794.1750000000025, 779.1750000000025, 749.1750000000025, 104.17500000000246, 12.36250000000041, 0.0, 0.0], [794.1750000000025, 779.1750000000025, 749.1750000000025, 104.17500000000246, 12.36250000000041, 0.0, 0.0], [794.1750000000025, 779.1750000000025, 749.1750000000025, 104.17500000000246, 12.36250000000041, 0.0, 0.0], [794.1750000000025, 779.1750000000025, 749.1750000000025, 104.17500000000246, 12.36250000000041, 0.0, 0.0], [794.1750000000025, 779.1750000000025, 749.1750000000025, 104.17500000000246, 12.36250000000041, 0.0, 0.0], [794.1750000000025, 779.1750000000025, 749.1750000000025, 104.17500000000246, 12.36250000000041, 0.0, 0.0], [794.1750000000025, 779.1750000000025, 749.1750000000025, 104.17500000000246, 12.36250000000041, 0.0, 0.0], [794.1750000000025, 779.1750000000025, 749.1750000000025, 104.17500000000246, 12.36250000000041, 0.0, 0.0], [794.1750000000025, 779.1750000000025, 749.1750000000025, 104.17500000000246, 12.36250000000041, 0.0, 0.0], [794.1750000000025, 779.1750000000025, 749.1750000000025, 104.17500000000246, 12.36250000000041, 0.0, 0.0], [794.1750000000025, 779.1750000000025, 749.1750000000025, 104.17500000000246, 12.36250000000041, 0.0, 0.0], [794.1750000000025, 779.1750000000025, 749.1750000000025, 104.17500000000246, 12.36250000000041, 0.0, 0.0], [794.1750000000025, 779.1750000000025, 749.1750000000025, 104.17500000000246, 12.36250000000041, 0.0, 0.0], [794.1750000000025, 779.1750000000025, 749.1750000000025, 104.17500000000246, 12.36250000000041, 0.0, 0.0], [794.1750000000025, 779.1750000000025, 749.1750000000025, 104.17500000000246, 12.36250000000041, 0.0, 0.0], [794.1750000000025, 779.1750000000025, 749.1750000000025, 104.17500000000246, 12.36250000000041, 0.0, 0.0], [794.1750000000025, 779.1750000000025, 749.1750000000025, 104.17500000000246, 12.36250000000041, 0.0, 0.0], [794.1750000000025, 779.1750000000025, 749.1750000000025, 104.17500000000246, 12.36250000000041, 0.0, 0.0], [794.1750000000025, 779.1750000000025, 749.1750000000025, 104.17500000000246, 12.36250000000041, 0.0, 0.0], [794.1750000000025, 779.1750000000025, 749.1750000000025, 104.17500000000246, 12.36250000000041, 0.0, 0.0], [794.1750000000025, 779.1750000000025, 749.1750000000025, 104.17500000000246, 12.36250000000041, 0.0, 0.0], [794.1750000000025, 779.1750000000025, 749.1750000000025, 104.17500000000246, 12.36250000000041, 0.0, 0.0], [794.1750000000025, 779.1750000000025, 749.1750000000025, 104.17500000000246, 12.36250000000041, 0.0, 0.0], [794.1750000000025, 779.1750000000025, 749.1750000000025, 104.17500000000246, 12.36250000000041, 0.0, 0.0], [794.1750000000025, 779.1750000000025, 749.1750000000025, 104.17500000000246, 12.36250000000041, 0.0, 0.0], [794.1750000000025, 779.1750000000025, 749.1750000000025, 104.17500000000246, 12.36250000000041, 0.0, 0.0], [794.1750000000025, 779.1750000000025, 749.1750000000025, 104.17500000000246, 12.36250000000041, 0.0, 0.0], [794.1750000000025, 779.1750000000025, 749.1750000000025, 104.17500000000246, 12.36250000000041, 0.0, 0.0], [794.1750000000025, 779.1750000000025, 749.1750000000025, 104.17500000000246, 12.36250000000041, 0.0, 0.0], [794.1750000000025, 779.1750000000025, 749.1750000000025, 104.17500000000246, 12.36250000000041, 0.0, 0.0], [794.1750000000025, 779.1750000000025, 749.1750000000025, 104.17500000000246, 12.36250000000041, 0.0, 0.0], [794.1750000000025, 779.1750000000025, 749.1750000000025, 104.17500000000246, 12.36250000000041, 0.0, 0.0], [794.1750000000025, 779.1750000000025, 749.1750000000025, 104.17500000000246, 12.36250000000041, 0.0, 0.0], [794.1750000000025, 779.1750000000025, 749.1750000000025, 104.17500000000246, 12.36250000000041, 0.0, 0.0], [794.1750000000025, 779.1750000000025, 749.1750000000025, 104.17500000000246, 12.36250000000041, 0.0, 0.0], [794.1750000000025, 779.1750000000025, 749.1750000000025, 104.17500000000246, 12.36250000000041, 0.0, 0.0], [794.1750000000025, 779.1750000000025, 749.1750000000025, 104.17500000000246, 12.36250000000041, 0.0, 0.0], [794.1750000000025, 779.1750000000025, 749.1750000000025, 104.17500000000246, 12.36250000000041, 0.0, 0.0], [794.1750000000025, 779.1750000000025, 749.1750000000025, 104.17500000000246, 12.36250000000041, 0.0, 0.0], [794.1750000000025, 779.1750000000025, 749.1750000000025, 104.17500000000246, 12.36250000000041, 0.0, 0.0], [794.1750000000025, 779.1750000000025, 749.1750000000025, 104.17500000000246, 12.36250000000041, 0.0, 0.0], [794.1750000000025, 779.1750000000025, 749.1750000000025, 104.17500000000246, 12.36250000000041, 0.0, 0.0], [794.1750000000025, 779.1750000000025, 749.1750000000025, 104.17500000000246, 12.36250000000041, 0.0, 0.0], [794.1750000000025, 779.1750000000025, 749.1750000000025, 104.17500000000246, 12.36250000000041, 0.0, 0.0], [794.1750000000025, 779.1750000000025, 749.1750000000025, 104.17500000000246, 12.36250000000041, 0.0, 0.0], [794.1750000000025, 779.1750000000025, 749.1750000000025, 104.17500000000246, 12.36250000000041, 0.0, 0.0], [794.1750000000025, 779.1750000000025, 749.1750000000025, 104.17500000000246, 12.36250000000041, 0.0, 0.0], [794.1750000000025, 779.1750000000025, 749.1750000000025, 104.17500000000246, 12.36250000000041, 0.0, 0.0], [794.1750000000025, 779.1750000000025, 749.1750000000025, 104.17500000000246, 12.36250000000041, 0.0, 0.0], [794.1750000000025, 779.1750000000025, 749.1750000000025, 104.17500000000246, 12.36250000000041, 0.0, 0.0], [794.1750000000025, 779.1750000000025, 749.1750000000025, 104.17500000000246, 12.36250000000041, 0.0, 0.0], [794.1750000000025, 779.1750000000025, 749.1750000000025, 104.17500000000246, 12.36250000000041, 0.0, 0.0], [794.1750000000025, 779.1750000000025, 749.1750000000025, 104.17500000000246, 12.36250000000041, 0.0, 0.0], [794.1750000000025, 779.1750000000025, 749.1750000000025, 104.17500000000246, 12.36250000000041, 0.0, 0.0], [794.1750000000025, 779.1750000000025, 749.1750000000025, 104.17500000000246, 12.36250000000041, 0.0, 0.0], [794.1750000000025, 779.1750000000025, 749.1750000000025, 104.17500000000246, 12.36250000000041, 0.0, 0.0], [794.1750000000025, 779.1750000000025, 749.1750000000025, 104.17500000000246, 12.36250000000041, 0.0, 0.0], [794.1750000000025, 779.1750000000025, 749.1750000000025, 104.17500000000246, 12.36250000000041, 0.0, 0.0], [794.1750000000025, 779.1750000000025, 749.1750000000025, 104.17500000000246, 12.36250000000041, 0.0, 0.0], [794.1750000000025, 779.1750000000025, 749.1750000000025, 104.17500000000246, 12.36250000000041, 0.0, 0.0], [794.1750000000025, 779.1750000000025, 749.1750000000025, 104.17500000000246, 12.36250000000041, 0.0, 0.0], [794.1750000000025, 779.1750000000025, 749.1750000000025, 104.17500000000246, 12.36250000000041, 0.0, 0.0], [794.1750000000025, 779.1750000000025, 749.1750000000025, 104.17500000000246, 12.36250000000041, 0.0, 0.0], [794.1750000000025, 779.1750000000025, 749.1750000000025, 104.17500000000246, 12.36250000000041, 0.0, 0.0], [794.1750000000025, 779.1750000000025, 749.1750000000025, 104.17500000000246, 12.36250000000041, 0.0, 0.0], [794.1750000000025, 779.1750000000025, 749.1750000000025, 104.17500000000246, 12.36250000000041, 0.0, 0.0], [794.1750000000025, 779.1750000000025, 749.1750000000025, 104.17500000000246, 12.36250000000041, 0.0, 0.0], [794.1750000000025, 779.1750000000025, 749.1750000000025, 104.17500000000246, 12.36250000000041, 0.0, 0.0], [794.1750000000025, 779.1750000000025, 749.1750000000025, 104.17500000000246, 12.36250000000041, 0.0, 0.0], [794.1750000000025, 779.1750000000025, 749.1750000000025, 104.17500000000246, 12.36250000000041, 0.0, 0.0], [794.1750000000025, 779.1750000000025, 749.1750000000025, 104.17500000000246, 12.36250000000041, 0.0, 0.0], [794.1750000000025, 779.1750000000025, 749.1750000000025, 104.17500000000246, 12.36250000000041, 0.0, 0.0], [794.1750000000025, 779.1750000000025, 749.1750000000025, 104.17500000000246, 12.36250000000041, 0.0, 0.0], [794.1750000000025, 779.1750000000025, 749.1750000000025, 104.17500000000246, 12.36250000000041, 0.0, 0.0], [794.1750000000025, 779.1750000000025, 749.1750000000025, 104.17500000000246, 12.36250000000041, 0.0, 0.0], [794.1750000000025, 779.1750000000025, 749.1750000000025, 104.17500000000246, 12.36250000000041, 0.0, 0.0], [794.1750000000025, 779.1750000000025, 749.1750000000025, 104.17500000000246, 12.36250000000041, 0.0, 0.0], [794.1750000000025, 779.1750000000025, 749.1750000000025, 104.17500000000246, 12.36250000000041, 0.0, 0.0], [794.1750000000025, 779.1750000000025, 749.1750000000025, 104.17500000000246, 12.36250000000041, 0.0, 0.0], [794.1750000000025, 779.1750000000025, 749.1750000000025, 104.17500000000246, 12.36250000000041, 0.0, 0.0], [794.1750000000025, 779.1750000000025, 749.1750000000025, 104.17500000000246, 12.36250000000041, 0.0, 0.0], [794.1750000000025, 779.1750000000025, 749.1750000000025, 104.17500000000246, 12.36250000000041, 0.0, 0.0], [794.1750000000025, 779.1750000000025, 749.1750000000025, 104.17500000000246, 12.36250000000041, 0.0, 0.0], [794.1750000000025, 779.1750000000025, 749.1750000000025, 104.17500000000246, 12.36250000000041, 0.0, 0.0]], 'alpha_history': [[23.97600000000082, 2.49750000000088, 2.5, 24, 27.472500000001006, 27.5, 29], [1, 1.5, 2.5, 24, 27.472500000001006, 27.5, 29], [1, 1.5, 2.5, 24, 27.472500000000082, 27.5, 29], [1.5015000000000664, 1.5, 2.5, 24, 27.472500000000082, 27.5, 1200.0], [1.5045045014992293, 1.5030014999990609, 2.5, 24, 27.472500000000082, 27.5, 1200.0], [1.5075150150075725, 1.506009006001238, 2.5, 24, 27.472500000000082, 27.5, 1200.0], [1.5075150150075725, 1.5090225300225366, 2.5, 24, 27.472500000000082, 27.5, 1200.0], [1.5105315525522538, 1.5120420841046662, 2.5, 24, 27.472500000000082, 27.5, 1200.0], [1.5135541261877161, 1.5150676803129837, 2.5, 24, 27.472500000000082, 27.5, 1200.0], [1.516582747993868, 1.5150676803129837, 2.5, 24, 27.472500000000082, 27.5, 1200.0], [1.519617430072446, 1.5180993307419495, 2.5, 24, 27.472500000000082, 27.5, 1200.0], [1.5226581845488336, 1.521137047502395, 2.5, 24, 27.472500000000082, 27.5, 1200.0], [1.5257050235756988, 1.5241808427324368, 2.5, 24, 27.472500000000082, 27.5, 1200.0], [1.5287579593275378, 1.5272307285992948, 2.5, 24, 27.472500000000082, 27.5, 1200.0], [1.5318170040043124, 1.53028671728656, 2.5, 24, 27.472500000000082, 27.5, 1200.0], [1.5348821698296315, 1.5333488210087463, 2.5, 24, 27.472500000000082, 27.5, 1200.0], [1.5348821698296315, 1.5364170519985574, 2.5, 24, 27.472500000000082, 27.5, 1200.0], [1.5379534690507508, 1.53949142251962, 2.5, 24, 27.472500000000082, 27.5, 1200.0], [1.5410309139422107, 1.5425719448555693, 2.5, 24, 27.472500000000082, 27.5, 1200.0], [1.5441145168003796, 1.5456586313173257, 2.5, 24, 27.472500000000082, 27.5, 1200.0], [1.5472042899489107, 1.5487514942394565, 2.5, 24, 27.472500000000082, 27.5, 1200.0], [1.550300245733285, 1.5487514942394565, 2.5, 24, 27.472500000000082, 27.5, 1200.0], [1.5534023965244497, 1.5518505459783565, 2.5, 24, 27.472500000000082, 27.5, 1200.0], [1.5534023965244497, 1.5549557989213436, 2.5, 24, 27.472500000000082, 27.5, 1200.0], [1.5565107547206363, 1.5580672654757446, 2.5, 24, 27.472500000000082, 27.5, 1200.0], [1.5596253327400855, 1.5580672654757446, 2.5, 24, 27.472500000000082, 27.5, 1200.0], [1.562746143030142, 1.561184958072533, 2.5, 24, 27.472500000000082, 27.5, 1200.0], [1.562746143030142, 1.5643088891736052, 2.5, 24, 27.472500000000082, 27.5, 1200.0], [1.5658731980617968, 1.5643088891736052, 2.5, 24, 27.472500000000082, 27.5, 1200.0], [1.5690065103296884, 1.5674390712590476, 2.5, 24, 27.472500000000082, 27.5, 1200.0], [1.5721460923557398, 1.5705755168398692, 2.5, 24, 27.472500000000082, 27.5, 1200.0], [1.5721460923557398, 1.573718238447088, 2.5, 24, 27.472500000000082, 27.5, 1200.0], [1.5752919566855208, 1.573718238447088, 2.5, 24, 27.472500000000082, 27.5, 1200.0], [1.5784441158918863, 1.576867248642645, 2.5, 24, 27.472500000000082, 27.5, 1200.0], [1.5784441158918863, 1.5800225600066706, 2.5, 24, 27.472500000000082, 27.5, 1200.0], [1.5816025825658808, 1.5800225600066706, 2.5, 24, 27.472500000000082, 27.5, 1200.0], [1.58476736933311, 1.5831841851483996, 2.5, 24, 27.472500000000082, 27.5, 1200.0], [1.58476736933311, 1.5863521367025324, 2.5, 24, 27.472500000000082, 27.5, 1200.0], [1.5879384888391879, 1.5895264273274161, 2.5, 24, 27.472500000000082, 27.5, 1200.0], [1.5911159537551949, 1.592707069708683, 2.5, 24, 27.472500000000082, 27.5, 1200.0], [1.594299776777677, 1.592707069708683, 2.5, 24, 27.472500000000082, 27.5, 1200.0], [1.594299776777677, 1.5958940765537928, 2.5, 24, 27.472500000000082, 27.5, 1200.0], [1.597489970630465, 1.5958940765537928, 2.5, 24, 27.472500000000082, 27.5, 1200.0], [1.6006865480610368, 1.5990874606011285, 2.5, 24, 27.472500000000082, 27.5, 1200.0], [1.6006865480610368, 1.6022872346090817, 2.5, 24, 27.472500000000082, 27.5, 1200.0], [1.603889521844155, 1.6022872346090817, 2.5, 24, 27.472500000000082, 27.5, 1200.0], [1.6070989047764097, 1.605493411365148, 2.5, 24, 27.472500000000082, 27.5, 1200.0], [1.6070989047764097, 1.6087060036804697, 2.5, 24, 27.472500000000082, 27.5, 1200.0], [1.6103147096834955, 1.611925024393474, 2.5, 24, 27.472500000000082, 27.5, 1200.0], [1.6135369494183915, 1.611925024393474, 2.5, 24, 27.472500000000082, 27.5, 1200.0], [1.6135369494183915, 1.615150486368054, 2.5, 24, 27.472500000000082, 27.5, 1200.0], [1.6167656368540857, 1.615150486368054, 2.5, 24, 27.472500000000082, 27.5, 1200.0], [1.6200007848926699, 1.6183824024899305, 2.5, 24, 27.472500000000082, 27.5, 1200.0], [1.6232424064635207, 1.6216207856775664, 2.5, 24, 27.472500000000082, 27.5, 1200.0], [1.6232424064635207, 1.6248656488694333, 2.5, 24, 27.472500000000082, 27.5, 1200.0], [1.6264905145178428, 1.6281170050312876, 2.5, 24, 27.472500000000082, 27.5, 1200.0], [1.6297451220359445, 1.6281170050312876, 2.5, 24, 27.472500000000082, 27.5, 1200.0], [1.6297451220359445, 1.6313748671579897, 2.5, 24, 27.472500000000082, 27.5, 1200.0], [1.633006242025419, 1.6346392482680467, 2.5, 24, 27.472500000000082, 27.5, 1200.0], [1.6362738875156875, 1.6379101614036127, 2.5, 24, 27.472500000000082, 27.5, 1200.0], [1.6395480715652748, 1.6379101614036127, 2.5, 24, 27.472500000000082, 27.5, 1200.0], [1.6395480715652748, 1.6411876196359454, 2.5, 24, 27.472500000000082, 27.5, 1200.0], [1.6428288072545338, 1.6444716360617686, 2.5, 24, 27.472500000000082, 27.5, 1200.0], [1.6461161076983781, 1.6477622238050909, 2.5, 24, 27.472500000000082, 27.5, 1200.0], [1.6494099860280922, 1.6477622238050909, 2.5, 24, 27.472500000000082, 27.5, 1200.0], [1.6527104554095213, 1.6510593960135675, 2.5, 24, 27.472500000000082, 27.5, 1200.0], [1.6527104554095213, 1.654363165863958, 2.5, 24, 27.472500000000082, 27.5, 1200.0], [1.6560175290303387, 1.654363165863958, 2.5, 24, 27.472500000000082, 27.5, 1200.0], [1.6593312201055024, 1.657673546558487, 2.5, 24, 27.472500000000082, 27.5, 1200.0], [1.6626515418754362, 1.660990551324846, 2.5, 24, 27.472500000000082, 27.5, 1200.0], [1.6659785076096678, 1.6643141934161914, 2.5, 24, 27.472500000000082, 27.5, 1200.0], [1.6693121306031908, 1.6676444861166029, 2.5, 24, 27.472500000000082, 27.5, 1200.0], [1.6726524241764646, 1.670981442733807, 2.5, 24, 27.472500000000082, 27.5, 1200.0], [1.6726524241764646, 1.674325076600996, 2.5, 24, 27.472500000000082, 27.5, 1200.0], [1.6759994016772335, 1.674325076600996, 2.5, 24, 27.472500000000082, 27.5, 1200.0], [1.6793530764787075, 1.6776754010786472, 2.5, 24, 27.472500000000082, 27.5, 1200.0], [1.6827134619832005, 1.6810324295545225, 2.5, 24, 27.472500000000082, 27.5, 1200.0], [1.6827134619832005, 1.6843961754454877, 2.5, 24, 27.472500000000082, 27.5, 1200.0], [1.6860805716203113, 1.6877666521920556, 2.5, 24, 27.472500000000082, 27.5, 1200.0], [1.6894544188432856, 1.6911438732620236, 2.5, 24, 27.472500000000082, 27.5, 1200.0], [1.6928350171344728, 1.6945278521504743, 2.5, 24, 27.472500000000082, 27.5, 1200.0], [1.6962223800016882, 1.6945278521504743, 2.5, 24, 27.472500000000082, 27.5, 1200.0], [1.6962223800016882, 1.6979186023815938, 2.5, 24, 27.472500000000082, 27.5, 1200.0], [1.69961652098367, 1.701316137505034, 2.5, 24, 27.472500000000082, 27.5, 1200.0], [1.703017453642803, 1.701316137505034, 2.5, 24, 27.472500000000082, 27.5, 1200.0], [1.703017453642803, 1.7047204710959132, 2.5, 24, 27.472500000000082, 27.5, 1200.0], [1.7064251915669384, 1.7081316167584528, 2.5, 24, 27.472500000000082, 27.5, 1200.0], [1.7098397483748495, 1.7081316167584528, 2.5, 24, 27.472500000000082, 27.5, 1200.0], [1.713261137710776, 1.7115495881223406, 2.5, 24, 27.472500000000082, 27.5, 1200.0], [1.713261137710776, 1.714974398848187, 2.5, 24, 27.472500000000082, 27.5, 1200.0], [1.7166893732462423, 1.714974398848187, 2.5, 24, 27.472500000000082, 27.5, 1200.0], [1.7166893732462423, 1.71840606261843, 2.5, 24, 27.472500000000082, 27.5, 1200.0], [1.7201244686800574, 1.71840606261843, 2.5, 24, 27.472500000000082, 27.5, 1200.0], [1.7235664377419535, 1.7218445931482502, 2.5, 24, 27.472500000000082, 27.5, 1200.0], [1.7270152941834904, 1.7252900041801122, 2.5, 24, 27.472500000000082, 27.5, 1200.0], [1.7304710517871509, 1.728742309478309, 2.5, 24, 27.472500000000082, 27.5, 1200.0], [1.7304710517871509, 1.732201522838056, 2.5, 24, 27.472500000000082, 27.5, 1200.0], [1.7339337243608834, 1.732201522838056, 2.5, 24, 27.472500000000082, 27.5, 1200.0], [1.7374033257435595, 1.735667658085492, 2.5, 24, 27.472500000000082, 27.5, 1200.0], [1.7408798697976973, 1.739140729068583, 2.5, 24, 27.472500000000082, 27.5, 1200.0], [1.7443633704167378, 1.7426207496680373, 2.5, 24, 27.472500000000082, 27.5, 1200.0], [1.7443633704167378, 1.7461077337863908, 2.5, 24, 27.472500000000082, 27.5, 1200.0], [1.7478538415195883, 1.7496016953607407, 2.5, 24, 27.472500000000082, 27.5, 1200.0], [1.751351297056078, 1.7531026483536492, 2.5, 24, 27.472500000000082, 27.5, 1200.0], [1.7548557510015028, 1.7566106067531448, 2.5, 24, 27.472500000000082, 27.5, 1200.0], [1.758367217360262, 1.7601255845781791, 2.5, 24, 27.472500000000082, 27.5, 1200.0], [1.761885710162221, 1.7601255845781791, 2.5, 24, 27.472500000000082, 27.5, 1200.0], [1.7654112434663487, 1.7636475958713502, 2.5, 24, 27.472500000000082, 27.5, 1200.0], [1.7689438313643562, 1.767176654709817, 2.5, 24, 27.472500000000082, 27.5, 1200.0], [1.7689438313643562, 1.7707127751962046, 2.5, 24, 27.472500000000082, 27.5, 1200.0], [1.7724834879716012, 1.7742559714586035, 2.5, 24, 27.472500000000082, 27.5, 1200.0], [1.7760302274307262, 1.7742559714586035, 2.5, 24, 27.472500000000082, 27.5, 1200.0], [1.7760302274307262, 1.7778062576578462, 2.5, 24, 27.472500000000082, 27.5, 1200.0], [1.7795840639152969, 1.781363647978412, 2.5, 24, 27.472500000000082, 27.5, 1200.0], [1.7831450116261633, 1.7849281566375224, 2.5, 24, 27.472500000000082, 27.5, 1200.0], [1.7867130847932797, 1.7849281566375224, 2.5, 24, 27.472500000000082, 27.5, 1200.0], [1.790288297675704, 1.788499797877864, 2.5, 24, 27.472500000000082, 27.5, 1200.0], [1.7938706645579598, 1.792078585973047, 2.5, 24, 27.472500000000082, 27.5, 1200.0], [1.797460199757313, 1.795664535222147, 2.5, 24, 27.472500000000082, 27.5, 1200.0], [1.8010569176164948, 1.7992576599569814, 2.5, 24, 27.472500000000082, 27.5, 1200.0], [1.8046608325073406, 1.8028579745330147, 2.5, 24, 27.472500000000082, 27.5, 1200.0], [1.8046608325073406, 1.806465493340272, 2.5, 24, 27.472500000000082, 27.5, 1200.0], [1.8082719588326084, 1.8100802307906063, 2.5, 24, 27.472500000000082, 27.5, 1200.0], [1.8118903110205222, 1.8137022013304316, 2.5, 24, 27.472500000000082, 27.5, 1200.0], [1.8155159035320478, 1.8137022013304316, 2.5, 24, 27.472500000000082, 27.5, 1200.0], [1.8191487508536168, 1.8173314194352654, 2.5, 24, 27.472500000000082, 27.5, 1200.0], [1.8227888675044026, 1.8209678996042724, 2.5, 24, 27.472500000000082, 27.5, 1200.0], [1.8264362680272255, 1.8246116563711778, 2.5, 24, 27.472500000000082, 27.5, 1200.0], [1.8300909669994665, 1.828262704295173, 2.5, 24, 27.472500000000082, 27.5, 1200.0], [1.8300909669994665, 1.8319210579663716, 2.5, 24, 27.472500000000082, 27.5, 1200.0], [1.8337529790239726, 1.8355867320021728, 2.5, 24, 27.472500000000082, 27.5, 1200.0], [1.8374223187345136, 1.8355867320021728, 2.5, 24, 27.472500000000082, 27.5, 1200.0], [1.841099000793963, 1.8392597410527172, 2.5, 24, 27.472500000000082, 27.5, 1200.0], [1.841099000793963, 1.8429400997936112, 2.5, 24, 27.472500000000082, 27.5, 1200.0], [1.8447830398924792, 1.8466278229313842, 2.5, 24, 27.472500000000082, 27.5, 1200.0], [1.8484744507547815, 1.8466278229313842, 2.5, 24, 27.472500000000082, 27.5, 1200.0], [1.8484744507547815, 1.8503229252053073, 2.5, 24, 27.472500000000082, 27.5, 1200.0], [1.8521732481310549, 1.8540254213782985, 2.5, 24, 27.472500000000082, 27.5, 1200.0], [1.8558794467987694, 1.8577353262460177, 2.5, 24, 27.472500000000082, 27.5, 1200.0], [1.8595930615717746, 1.8614526546332284, 2.5, 24, 27.472500000000082, 27.5, 1200.0], [1.8633141072875672, 1.8651774213937982, 2.5, 24, 27.472500000000082, 27.5, 1200.0], [1.8670425988145665, 1.8651774213937982, 2.5, 24, 27.472500000000082, 27.5, 1200.0], [1.8670425988145665, 1.8689096414125173, 2.5, 24, 27.472500000000082, 27.5, 1200.0], [1.8707785510539336, 1.8726493296050988, 2.5, 24, 27.472500000000082, 27.5, 1200.0], [1.8745219789341148, 1.8763965009127217, 2.5, 24, 27.472500000000082, 27.5, 1200.0], [1.8782728974126597, 1.8801511703093068, 2.5, 24, 27.472500000000082, 27.5, 1200.0], [1.88203132147986, 1.8839133528015166, 2.5, 24, 27.472500000000082, 27.5, 1200.0], [1.8857972661532925, 1.8839133528015166, 2.5, 24, 27.472500000000082, 27.5, 1200.0], [1.8857972661532925, 1.8876830634196606, 2.5, 24, 27.472500000000082, 27.5, 1200.0], [1.8895707464832752, 1.891460317230428, 2.5, 24, 27.472500000000082, 27.5, 1200.0], [1.8933517775474114, 1.891460317230428, 2.5, 24, 27.472500000000082, 27.5, 1200.0]], 'dispatch_history': [[30.0, 30.0, 30.0, 30.0, 5.0, 0.0, 0.0], [30.0, 30.0, 30.0, 30.0, 5.0, 0.0, 0.0], [30.0, 30.0, 30.0, 30.0, 5.0, 0.0, 0.0], [30.0, 30.0, 30.0, 30.0, 5.0, 0.0, 0.0], [30.0, 30.0, 30.0, 30.0, 5.0, 0.0, 0.0], [30.0, 30.0, 30.0, 30.0, 5.0, 0.0, 0.0], [30.0, 30.0, 30.0, 30.0, 5.0, 0.0, 0.0], [30.0, 30.0, 30.0, 30.0, 5.0, 0.0, 0.0], [30.0, 30.0, 30.0, 30.0, 5.0, 0.0, 0.0], [30.0, 30.0, 30.0, 30.0, 5.0, 0.0, 0.0], [30.0, 30.0, 30.0, 30.0, 5.0, 0.0, 0.0], [30.0, 30.0, 30.0, 30.0, 5.0, 0.0, 0.0], [30.0, 30.0, 30.0, 30.0, 5.0, 0.0, 0.0], [30.0, 30.0, 30.0, 30.0, 5.0, 0.0, 0.0], [30.0, 30.0, 30.0, 30.0, 5.0, 0.0, 0.0], [30.0, 30.0, 30.0, 30.0, 5.0, 0.0, 0.0], [30.0, 30.0, 30.0, 30.0, 5.0, 0.0, 0.0], [30.0, 30.0, 30.0, 30.0, 5.0, 0.0, 0.0], [30.0, 30.0, 30.0, 30.0, 5.0, 0.0, 0.0], [30.0, 30.0, 30.0, 30.0, 5.0, 0.0, 0.0], [30.0, 30.0, 30.0, 30.0, 5.0, 0.0, 0.0], [30.0, 30.0, 30.0, 30.0, 5.0, 0.0, 0.0], [30.0, 30.0, 30.0, 30.0, 5.0, 0.0, 0.0], [30.0, 30.0, 30.0, 30.0, 5.0, 0.0, 0.0], [30.0, 30.0, 30.0, 30.0, 5.0, 0.0, 0.0], [30.0, 30.0, 30.0, 30.0, 5.0, 0.0, 0.0], [30.0, 30.0, 30.0, 30.0, 5.0, 0.0, 0.0], [30.0, 30.0, 30.0, 30.0, 5.0, 0.0, 0.0], [30.0, 30.0, 30.0, 30.0, 5.0, 0.0, 0.0], [30.0, 30.0, 30.0, 30.0, 5.0, 0.0, 0.0], [30.0, 30.0, 30.0, 30.0, 5.0, 0.0, 0.0], [30.0, 30.0, 30.0, 30.0, 5.0, 0.0, 0.0], [30.0, 30.0, 30.0, 30.0, 5.0, 0.0, 0.0], [30.0, 30.0, 30.0, 30.0, 5.0, 0.0, 0.0], [30.0, 30.0, 30.0, 30.0, 5.0, 0.0, 0.0], [30.0, 30.0, 30.0, 30.0, 5.0, 0.0, 0.0], [30.0, 30.0, 30.0, 30.0, 5.0, 0.0, 0.0], [30.0, 30.0, 30.0, 30.0, 5.0, 0.0, 0.0], [30.0, 30.0, 30.0, 30.0, 5.0, 0.0, 0.0], [30.0, 30.0, 30.0, 30.0, 5.0, 0.0, 0.0], [30.0, 30.0, 30.0, 30.0, 5.0, 0.0, 0.0], [30.0, 30.0, 30.0, 30.0, 5.0, 0.0, 0.0], [30.0, 30.0, 30.0, 30.0, 5.0, 0.0, 0.0], [30.0, 30.0, 30.0, 30.0, 5.0, 0.0, 0.0], [30.0, 30.0, 30.0, 30.0, 5.0, 0.0, 0.0], [30.0, 30.0, 30.0, 30.0, 5.0, 0.0, 0.0], [30.0, 30.0, 30.0, 30.0, 5.0, 0.0, 0.0], [30.0, 30.0, 30.0, 30.0, 5.0, 0.0, 0.0], [30.0, 30.0, 30.0, 30.0, 5.0, 0.0, 0.0], [30.0, 30.0, 30.0, 30.0, 5.0, 0.0, 0.0], [30.0, 30.0, 30.0, 30.0, 5.0, 0.0, 0.0], [30.0, 30.0, 30.0, 30.0, 5.0, 0.0, 0.0], [30.0, 30.0, 30.0, 30.0, 5.0, 0.0, 0.0], [30.0, 30.0, 30.0, 30.0, 5.0, 0.0, 0.0], [30.0, 30.0, 30.0, 30.0, 5.0, 0.0, 0.0], [30.0, 30.0, 30.0, 30.0, 5.0, 0.0, 0.0], [30.0, 30.0, 30.0, 30.0, 5.0, 0.0, 0.0], [30.0, 30.0, 30.0, 30.0, 5.0, 0.0, 0.0], [30.0, 30.0, 30.0, 30.0, 5.0, 0.0, 0.0], [30.0, 30.0, 30.0, 30.0, 5.0, 0.0, 0.0], [30.0, 30.0, 30.0, 30.0, 5.0, 0.0, 0.0], [30.0, 30.0, 30.0, 30.0, 5.0, 0.0, 0.0], [30.0, 30.0, 30.0, 30.0, 5.0, 0.0, 0.0], [30.0, 30.0, 30.0, 30.0, 5.0, 0.0, 0.0], [30.0, 30.0, 30.0, 30.0, 5.0, 0.0, 0.0], [30.0, 30.0, 30.0, 30.0, 5.0, 0.0, 0.0], [30.0, 30.0, 30.0, 30.0, 5.0, 0.0, 0.0], [30.0, 30.0, 30.0, 30.0, 5.0, 0.0, 0.0], [30.0, 30.0, 30.0, 30.0, 5.0, 0.0, 0.0], [30.0, 30.0, 30.0, 30.0, 5.0, 0.0, 0.0], [30.0, 30.0, 30.0, 30.0, 5.0, 0.0, 0.0], [30.0, 30.0, 30.0, 30.0, 5.0, 0.0, 0.0], [30.0, 30.0, 30.0, 30.0, 5.0, 0.0, 0.0], [30.0, 30.0, 30.0, 30.0, 5.0, 0.0, 0.0], [30.0, 30.0, 30.0, 30.0, 5.0, 0.0, 0.0], [30.0, 30.0, 30.0, 30.0, 5.0, 0.0, 0.0], [30.0, 30.0, 30.0, 30.0, 5.0, 0.0, 0.0], [30.0, 30.0, 30.0, 30.0, 5.0, 0.0, 0.0], [30.0, 30.0, 30.0, 30.0, 5.0, 0.0, 0.0], [30.0, 30.0, 30.0, 30.0, 5.0, 0.0, 0.0], [30.0, 30.0, 30.0, 30.0, 5.0, 0.0, 0.0], [30.0, 30.0, 30.0, 30.0, 5.0, 0.0, 0.0], [30.0, 30.0, 30.0, 30.0, 5.0, 0.0, 0.0], [30.0, 30.0, 30.0, 30.0, 5.0, 0.0, 0.0], [30.0, 30.0, 30.0, 30.0, 5.0, 0.0, 0.0], [30.0, 30.0, 30.0, 30.0, 5.0, 0.0, 0.0], [30.0, 30.0, 30.0, 30.0, 5.0, 0.0, 0.0], [30.0, 30.0, 30.0, 30.0, 5.0, 0.0, 0.0], [30.0, 30.0, 30.0, 30.0, 5.0, 0.0, 0.0], [30.0, 30.0, 30.0, 30.0, 5.0, 0.0, 0.0], [30.0, 30.0, 30.0, 30.0, 5.0, 0.0, 0.0], [30.0, 30.0, 30.0, 30.0, 5.0, 0.0, 0.0], [30.0, 30.0, 30.0, 30.0, 5.0, 0.0, 0.0], [30.0, 30.0, 30.0, 30.0, 5.0, 0.0, 0.0], [30.0, 30.0, 30.0, 30.0, 5.0, 0.0, 0.0], [30.0, 30.0, 30.0, 30.0, 5.0, 0.0, 0.0], [30.0, 30.0, 30.0, 30.0, 5.0, 0.0, 0.0], [30.0, 30.0, 30.0, 30.0, 5.0, 0.0, 0.0], [30.0, 30.0, 30.0, 30.0, 5.0, 0.0, 0.0], [30.0, 30.0, 30.0, 30.0, 5.0, 0.0, 0.0], [30.0, 30.0, 30.0, 30.0, 5.0, 0.0, 0.0], [30.0, 30.0, 30.0, 30.0, 5.0, 0.0, 0.0], [30.0, 30.0, 30.0, 30.0, 5.0, 0.0, 0.0], [30.0, 30.0, 30.0, 30.0, 5.0, 0.0, 0.0], [30.0, 30.0, 30.0, 30.0, 5.0, 0.0, 0.0], [30.0, 30.0, 30.0, 30.0, 5.0, 0.0, 0.0], [30.0, 30.0, 30.0, 30.0, 5.0, 0.0, 0.0], [30.0, 30.0, 30.0, 30.0, 5.0, 0.0, 0.0], [30.0, 30.0, 30.0, 30.0, 5.0, 0.0, 0.0], [30.0, 30.0, 30.0, 30.0, 5.0, 0.0, 0.0], [30.0, 30.0, 30.0, 30.0, 5.0, 0.0, 0.0], [30.0, 30.0, 30.0, 30.0, 5.0, 0.0, 0.0], [30.0, 30.0, 30.0, 30.0, 5.0, 0.0, 0.0], [30.0, 30.0, 30.0, 30.0, 5.0, 0.0, 0.0], [30.0, 30.0, 30.0, 30.0, 5.0, 0.0, 0.0], [30.0, 30.0, 30.0, 30.0, 5.0, 0.0, 0.0], [30.0, 30.0, 30.0, 30.0, 5.0, 0.0, 0.0], [30.0, 30.0, 30.0, 30.0, 5.0, 0.0, 0.0], [30.0, 30.0, 30.0, 30.0, 5.0, 0.0, 0.0], [30.0, 30.0, 30.0, 30.0, 5.0, 0.0, 0.0], [30.0, 30.0, 30.0, 30.0, 5.0, 0.0, 0.0], [30.0, 30.0, 30.0, 30.0, 5.0, 0.0, 0.0], [30.0, 30.0, 30.0, 30.0, 5.0, 0.0, 0.0], [30.0, 30.0, 30.0, 30.0, 5.0, 0.0, 0.0], [30.0, 30.0, 30.0, 30.0, 5.0, 0.0, 0.0], [30.0, 30.0, 30.0, 30.0, 5.0, 0.0, 0.0], [30.0, 30.0, 30.0, 30.0, 5.0, 0.0, 0.0], [30.0, 30.0, 30.0, 30.0, 5.0, 0.0, 0.0], [30.0, 30.0, 30.0, 30.0, 5.0, 0.0, 0.0], [30.0, 30.0, 30.0, 30.0, 5.0, 0.0, 0.0], [30.0, 30.0, 30.0, 30.0, 5.0, 0.0, 0.0], [30.0, 30.0, 30.0, 30.0, 5.0, 0.0, 0.0], [30.0, 30.0, 30.0, 30.0, 5.0, 0.0, 0.0], [30.0, 30.0, 30.0, 30.0, 5.0, 0.0, 0.0], [30.0, 30.0, 30.0, 30.0, 5.0, 0.0, 0.0], [30.0, 30.0, 30.0, 30.0, 5.0, 0.0, 0.0], [30.0, 30.0, 30.0, 30.0, 5.0, 0.0, 0.0], [30.0, 30.0, 30.0, 30.0, 5.0, 0.0, 0.0], [30.0, 30.0, 30.0, 30.0, 5.0, 0.0, 0.0], [30.0, 30.0, 30.0, 30.0, 5.0, 0.0, 0.0], [30.0, 30.0, 30.0, 30.0, 5.0, 0.0, 0.0], [30.0, 30.0, 30.0, 30.0, 5.0, 0.0, 0.0], [30.0, 30.0, 30.0, 30.0, 5.0, 0.0, 0.0], [30.0, 30.0, 30.0, 30.0, 5.0, 0.0, 0.0], [30.0, 30.0, 30.0, 30.0, 5.0, 0.0, 0.0], [30.0, 30.0, 30.0, 30.0, 5.0, 0.0, 0.0], [30.0, 30.0, 30.0, 30.0, 5.0, 0.0, 0.0], [30.0, 30.0, 30.0, 30.0, 5.0, 0.0, 0.0], [30.0, 30.0, 30.0, 30.0, 5.0, 0.0, 0.0], [30.0, 30.0, 30.0, 30.0, 5.0, 0.0, 0.0], [30.0, 30.0, 30.0, 30.0, 5.0, 0.0, 0.0]], 'iterations': 151, 'PoA': 3.451319095477397, 'final_dispatch': [30.0, 30.0, 30.0, 30.0, 5.0, 0.0, 0.0], 'final_bid': [1.8933517775474114, 1.891460317230428, 2.5, 24, 27.472500000000082, 27.5, 1200.0], 'clearing_price': 27.472500000000082, 'clearing_price_history': [27.472500000001006, 27.472500000001006, 27.472500000000082, 27.472500000000082, 27.472500000000082, 27.472500000000082, 27.472500000000082, 27.472500000000082, 27.472500000000082, 27.472500000000082, 27.472500000000082, 27.472500000000082, 27.472500000000082, 27.472500000000082, 27.472500000000082, 27.472500000000082, 27.472500000000082, 27.472500000000082, 27.472500000000082, 27.472500000000082, 27.472500000000082, 27.472500000000082, 27.472500000000082, 27.472500000000082, 27.472500000000082, 27.472500000000082, 27.472500000000082, 27.472500000000082, 27.472500000000082, 27.472500000000082, 27.472500000000082, 27.472500000000082, 27.472500000000082, 27.472500000000082, 27.472500000000082, 27.472500000000082, 27.472500000000082, 27.472500000000082, 27.472500000000082, 27.472500000000082, 27.472500000000082, 27.472500000000082, 27.472500000000082, 27.472500000000082, 27.472500000000082, 27.472500000000082, 27.472500000000082, 27.472500000000082, 27.472500000000082, 27.472500000000082, 27.472500000000082, 27.472500000000082, 27.472500000000082, 27.472500000000082, 27.472500000000082, 27.472500000000082, 27.472500000000082, 27.472500000000082, 27.472500000000082, 27.472500000000082, 27.472500000000082, 27.472500000000082, 27.472500000000082, 27.472500000000082, 27.472500000000082, 27.472500000000082, 27.472500000000082, 27.472500000000082, 27.472500000000082, 27.472500000000082, 27.472500000000082, 27.472500000000082, 27.472500000000082, 27.472500000000082, 27.472500000000082, 27.472500000000082, 27.472500000000082, 27.472500000000082, 27.472500000000082, 27.472500000000082, 27.472500000000082, 27.472500000000082, 27.472500000000082, 27.472500000000082, 27.472500000000082, 27.472500000000082, 27.472500000000082, 27.472500000000082, 27.472500000000082, 27.472500000000082, 27.472500000000082, 27.472500000000082, 27.472500000000082, 27.472500000000082, 27.472500000000082, 27.472500000000082, 27.472500000000082, 27.472500000000082, 27.472500000000082, 27.472500000000082, 27.472500000000082, 27.472500000000082, 27.472500000000082, 27.472500000000082, 27.472500000000082, 27.472500000000082, 27.472500000000082, 27.472500000000082, 27.472500000000082, 27.472500000000082, 27.472500000000082, 27.472500000000082, 27.472500000000082, 27.472500000000082, 27.472500000000082, 27.472500000000082, 27.472500000000082, 27.472500000000082, 27.472500000000082, 27.472500000000082, 27.472500000000082, 27.472500000000082, 27.472500000000082, 27.472500000000082, 27.472500000000082, 27.472500000000082, 27.472500000000082, 27.472500000000082, 27.472500000000082, 27.472500000000082, 27.472500000000082, 27.472500000000082, 27.472500000000082, 27.472500000000082, 27.472500000000082, 27.472500000000082, 27.472500000000082, 27.472500000000082, 27.472500000000082, 27.472500000000082, 27.472500000000082, 27.472500000000082, 27.472500000000082, 27.472500000000082, 27.472500000000082, 27.472500000000082, 27.472500000000082, 27.472500000000082, 27.472500000000082, 27.472500000000082, 27.472500000000082], 'dispatch_ED': [30.0, 30.0, 30.0, 30.0, 5.0, 0.0, 0.0], 'clearing_price_ED': 25.0, 'weight_history': [[None, None, None, None, None, None, None], [None, None, None, None, None, None, None], [None, None, None, None, None, None, None], [None, None, None, None, None, None, None], [None, None, None, None, None, None, None], [None, None, None, None, None, None, None], [None, None, None, None, None, None, None], [None, None, None, None, None, None, None], [None, None, None, None, None, None, None], [None, None, None, None, None, None, None], [None, None, None, None, None, None, None], [None, None, None, None, None, None, None], [None, None, None, None, None, None, None], [None, None, None, None, None, None, None], [None, None, None, None, None, None, None], [None, None, None, None, None, None, None], [None, None, None, None, None, None, None], [None, None, None, None, None, None, None], [None, None, None, None, None, None, None], [None, None, None, None, None, None, None], [None, None, None, None, None, None, None], [None, None, None, None, None, None, None], [None, None, None, None, None, None, None], [None, None, None, None, None, None, None], [None, None, None, None, None, None, None], [None, None, None, None, None, None, None], [None, None, None, None, None, None, None], [None, None, None, None, None, None, None], [None, None, None, None, None, None, None], [None, None, None, None, None, None, None], [None, None, None, None, None, None, None], [None, None, None, None, None, None, None], [None, None, None, None, None, None, None], [None, None, None, None, None, None, None], [None, None, None, None, None, None, None], [None, None, None, None, None, None, None], [None, None, None, None, None, None, None], [None, None, None, None, None, None, None], [None, None, None, None, None, None, None], [None, None, None, None, None, None, None], [None, None, None, None, None, None, None], [None, None, None, None, None, None, None], [None, None, None, None, None, None, None], [None, None, None, None, None, None, None], [None, None, None, None, None, None, None], [None, None, None, None, None, None, None], [None, None, None, None, None, None, None], [None, None, None, None, None, None, None], [None, None, None, None, None, None, None], [None, None, None, None, None, None, None], [None, None, None, None, None, None, None], [None, None, None, None, None, None, None], [None, None, None, None, None, None, None], [None, None, None, None, None, None, None], [None, None, None, None, None, None, None], [None, None, None, None, None, None, None], [None, None, None, None, None, None, None], [None, None, None, None, None, None, None], [None, None, None, None, None, None, None], [None, None, None, None, None, None, None], [None, None, None, None, None, None, None], [None, None, None, None, None, None, None], [None, None, None, None, None, None, None], [None, None, None, None, None, None, None], [None, None, None, None, None, None, None], [None, None, None, None, None, None, None], [None, None, None, None, None, None, None], [None, None, None, None, None, None, None], [None, None, None, None, None, None, None], [None, None, None, None, None, None, None], [None, None, None, None, None, None, None], [None, None, None, None, None, None, None], [None, None, None, None, None, None, None], [None, None, None, None, None, None, None], [None, None, None, None, None, None, None], [None, None, None, None, None, None, None], [None, None, None, None, None, None, None], [None, None, None, None, None, None, None], [None, None, None, None, None, None, None], [None, None, None, None, None, None, None], [None, None, None, None, None, None, None], [None, None, None, None, None, None, None], [None, None, None, None, None, None, None], [None, None, None, None, None, None, None], [None, None, None, None, None, None, None], [None, None, None, None, None, None, None], [None, None, None, None, None, None, None], [None, None, None, None, None, None, None], [None, None, None, None, None, None, None], [None, None, None, None, None, None, None], [None, None, None, None, None, None, None], [None, None, None, None, None, None, None], [None, None, None, None, None, None, None], [None, None, None, None, None, None, None], [None, None, None, None, None, None, None], [None, None, None, None, None, None, None], [None, None, None, None, None, None, None], [None, None, None, None, None, None, None], [None, None, None, None, None, None, None], [None, None, None, None, None, None, None], [None, None, None, None, None, None, None], [None, None, None, None, None, None, None], [None, None, None, None, None, None, None], [None, None, None, None, None, None, None], [None, None, None, None, None, None, None], [None, None, None, None, None, None, None], [None, None, None, None, None, None, None], [None, None, None, None, None, None, None], [None, None, None, None, None, None, None], [None, None, None, None, None, None, None], [None, None, None, None, None, None, None], [None, None, None, None, None, None, None], [None, None, None, None, None, None, None], [None, None, None, None, None, None, None], [None, None, None, None, None, None, None], [None, None, None, None, None, None, None], [None, None, None, None, None, None, None], [None, None, None, None, None, None, None], [None, None, None, None, None, None, None], [None, None, None, None, None, None, None], [None, None, None, None, None, None, None], [None, None, None, None, None, None, None], [None, None, None, None, None, None, None], [None, None, None, None, None, None, None], [None, None, None, None, None, None, None], [None, None, None, None, None, None, None], [None, None, None, None, None, None, None], [None, None, None, None, None, None, None], [None, None, None, None, None, None, None], [None, None, None, None, None, None, None], [None, None, None, None, None, None, None], [None, None, None, None, None, None, None], [None, None, None, None, None, None, None], [None, None, None, None, None, None, None], [None, None, None, None, None, None, None], [None, None, None, None, None, None, None], [None, None, None, None, None, None, None], [None, None, None, None, None, None, None], [None, None, None, None, None, None, None], [None, None, None, None, None, None, None], [None, None, None, None, None, None, None], [None, None, None, None, None, None, None], [None, None, None, None, None, None, None], [None, None, None, None, None, None, None], [None, None, None, None, None, None, None], [None, None, None, None, None, None, None], [None, None, None, None, None, None, None], [None, None, None, None, None, None, None], [None, None, None, None, None, None, None], [None, None, None, None, None, None, None], [None, None, None, None, None, None, None]], 'converged': False, 'not_converged': True, 'owner_indexes': (2, 6)}"
15,"{'init_cost_vector': [1, 1.5, 2.5, 24, 25, 27.5, 29], 'profit_history': [[794.1750000000025, 779.1750000000025, 749.1750000000025, 104.17500000000246, 12.36250000000041, 0.0, 0.0], [794.1750000000025, 779.1750000000025, 749.1750000000025, 104.17500000000246, 12.36250000000041, 0.0, 0.0], [794.1750000000025, 779.1750000000025, 749.1750000000025, 104.17500000000246, 12.36250000000041, 0.0, 0.0], [794.1750000000025, 779.1750000000025, 749.1750000000025, 104.17500000000246, 12.36250000000041, 0.0, 0.0], [794.1750000000025, 779.1750000000025, 749.1750000000025, 104.17500000000246, 12.36250000000041, 0.0, 0.0], [794.1750000000025, 779.1750000000025, 749.1750000000025, 104.17500000000246, 12.36250000000041, 0.0, 0.0], [794.1750000000025, 779.1750000000025, 749.1750000000025, 104.17500000000246, 12.36250000000041, 0.0, 0.0]], 'alpha_history': [[1, 2.49750000000088, 2.5, 24, 27.472500000000082, 27.5, 29], [1, 1.5, 2.5, 24, 27.472500000000082, 27.5, 29], [1, 1.5, 2.5, 24, 27.472500000000082, 27.5, 29], [1, 1.5, 2.5, 24, 27.472500000000082, 27.5, 29], [1, 1.5, 2.5, 24, 27.472500000000082, 27.5, 29], [1, 1.5, 2.5, 24, 27.472500000000082, 27.5, 29], [1, 1.5, 2.5, 24, 27.472500000000082, 27.5, 29]], 'dispatch_history': [[30.0, 30.0, 30.0, 30.0, 5.0, 0.0, 0.0], [30.0, 30.0, 30.0, 30.0, 5.0, 0.0, 0.0], [30.0, 30.0, 30.0, 30.0, 5.0, 0.0, 0.0], [30.0, 30.0, 30.0, 30.0, 5.0, 0.0, 0.0], [30.0, 30.0, 30.0, 30.0, 5.0, 0.0, 0.0], [30.0, 30.0, 30.0, 30.0, 5.0, 0.0, 0.0], [30.0, 30.0, 30.0, 30.0, 5.0, 0.0, 0.0]], 'iterations': 6, 'PoA': 3.451319095477397, 'final_dispatch': [30.0, 30.0, 30.0, 30.0, 5.0, 0.0, 0.0], 'final_bid': [1, 1.5, 2.5, 24, 27.472500000000082, 27.5, 29], 'clearing_price': 27.472500000000082, 'clearing_price_history': [27.472500000000082, 27.472500000000082, 27.472500000000082, 27.472500000000082, 27.472500000000082, 27.472500000000082, 27.472500000000082], 'dispatch_ED': [30.0, 30.0, 30.0, 30.0, 5.0, 0.0, 0.0], 'clearing_price_ED': 25.0, 'weight_history': [[None, None, None, None, None, None, None], [None, None, None, None, None, None, None], [None, None, None, None, None, None, None], [None, None, None, None, None, None, None], [None, None, None, None, None, None, None], [None, None, None, None, None, None, None], [None, None, None, None, None, None, None]], 'converged': True, 'not_converged': False, 'owner_indexes': (3, 4)}"
16,"{'init_cost_vector': [1, 1.5, 2.5, 24, 25, 27.5, 29], 'profit_history': [[794.1750000000025, 779.1750000000025, 749.1750000000025, 104.17500000000246, 12.36250000000041, 0.0, 0.0], [794.1750000000025, 779.1750000000025, 749.1750000000025, 104.17500000000246, 12.36250000000041, 0.0, 0.0], [794.1750000000025, 779.1750000000025, 749.1750000000025, 104.17500000000246, 12.36250000000041, 0.0, 0.0], [794.1750000000025, 779.1750000000025, 749.1750000000025, 104.17500000000246, 12.36250000000041, 0.0, 0.0], [794.1750000000025, 779.1750000000025, 749.1750000000025, 104.17500000000246, 12.36250000000041, 0.0, 0.0], [794.1750000000025, 779.1750000000025, 749.1750000000025, 104.17500000000246, 12.36250000000041, 0.0, 0.0], [794.1750000000025, 779.1750000000025, 749.1750000000025, 104.17500000000246, 12.36250000000041, 0.0, 0.0]], 'alpha_history': [[2.49750000000088, 1.5, 2.5, 24, 27.472500000000082, 27.5, 29], [1, 1.5, 2.5, 24, 27.472500000000082, 27.5, 29], [1, 1.5, 2.5, 24, 27.472500000000082, 27.5, 29], [1, 1.5, 2.5, 24, 27.472500000000082, 27.5, 29], [1, 1.5, 2.5, 24, 27.472500000000082, 27.5, 29], [1, 1.5, 2.5, 24, 27.472500000000082, 27.5, 29], [1, 1.5, 2.5, 24, 27.472500000000082, 27.5, 29]], 'dispatch_history': [[30.0, 30.0, 30.0, 30.0, 5.0, 0.0, 0.0], [30.0, 30.0, 30.0, 30.0, 5.0, 0.0, 0.0], [30.0, 30.0, 30.0, 30.0, 5.0, 0.0, 0.0], [30.0, 30.0, 30.0, 30.0, 5.0, 0.0, 0.0], [30.0, 30.0, 30.0, 30.0, 5.0, 0.0, 0.0], [30.0, 30.0, 30.0, 30.0, 5.0, 0.0, 0.0], [30.0, 30.0, 30.0, 30.0, 5.0, 0.0, 0.0]], 'iterations': 6, 'PoA': 3.451319095477397, 'final_dispatch': [30.0, 30.0, 30.0, 30.0, 5.0, 0.0, 0.0], 'final_bid': [1, 1.5, 2.5, 24, 27.472500000000082, 27.5, 29], 'clearing_price': 27.472500000000082, 'clearing_price_history': [27.472500000000082, 27.472500000000082, 27.472500000000082, 27.472500000000082, 27.472500000000082, 27.472500000000082, 27.472500000000082], 'dispatch_ED': [30.0, 30.0, 30.0, 30.0, 5.0, 0.0, 0.0], 'clearing_price_ED': 25.0, 'weight_history': [[None, None, None, None, None, None, None], [None, None, None, None, None, None, None], [None, None, None, None, None, None, None], [None, None, None, None, None, None, None], [None, None, None, None, None, None, None], [None, None, None, None, None, None, None], [None, None, None, None, None, None, None]], 'converged': True, 'not_converged': False, 'owner_indexes': (3, 5)}"
17,"{'init_cost_vector': [1, 1.5, 2.5, 24, 25, 27.5, 29], 'profit_history': [[794.1750000000025, 779.1750000000025, 749.1750000000025, 104.17500000000246, 12.36250000000041, 0.0, 0.0], [794.1750000000025, 779.1750000000025, 749.1750000000025, 104.17500000000246, 12.36250000000041, 0.0, 0.0], [794.1750000000025, 779.1750000000025, 749.1750000000025, 104.17500000000246, 12.36250000000041, 0.0, 0.0], [794.1750000000025, 779.1750000000025, 749.1750000000025, 104.17500000000246, 12.36250000000041, 0.0, 0.0], [794.1750000000025, 779.1750000000025, 749.1750000000025, 104.17500000000246, 12.36250000000041, 0.0, 0.0], [794.1750000000025, 779.1750000000025, 749.1750000000025, 104.17500000000246, 12.36250000000041, 0.0, 0.0], [794.1750000000025, 779.1750000000025, 749.1750000000025, 104.17500000000246, 12.36250000000041, 0.0, 0.0]], 'alpha_history': [[2.49750000000088, 23.97600000000082, 23.95202400000178, 24, 27.472500000000082, 27.5, 29], [1, 1.5, 2.5, 24, 27.472500000000082, 27.5, 29], [1, 1.5, 2.5, 24, 27.472500000000082, 27.5, 29], [1, 1.5, 2.5, 24, 27.472500000000082, 27.5, 29], [1, 1.5, 2.5, 24, 27.472500000000082, 27.5, 29], [1, 1.5, 2.5, 24, 27.472500000000082, 27.5, 29], [1, 1.5, 2.5, 24, 27.472500000000082, 27.5, 29]], 'dispatch_history': [[30.0, 30.0, 30.0, 30.0, 5.0, 0.0, 0.0], [30.0, 30.0, 30.0, 30.0, 5.0, 0.0, 0.0], [30.0, 30.0, 30.0, 30.0, 5.0, 0.0, 0.0], [30.0, 30.0, 30.0, 30.0, 5.0, 0.0, 0.0], [30.0, 30.0, 30.0, 30.0, 5.0, 0.0, 0.0], [30.0, 30.0, 30.0, 30.0, 5.0, 0.0, 0.0], [30.0, 30.0, 30.0, 30.0, 5.0, 0.0, 0.0]], 'iterations': 6, 'PoA': 3.451319095477397, 'final_dispatch': [30.0, 30.0, 30.0, 30.0, 5.0, 0.0, 0.0], 'final_bid': [1, 1.5, 2.5, 24, 27.472500000000082, 27.5, 29], 'clearing_price': 27.472500000000082, 'clearing_price_history': [27.472500000000082, 27.472500000000082, 27.472500000000082, 27.472500000000082, 27.472500000000082, 27.472500000000082, 27.472500000000082], 'dispatch_ED': [30.0, 30.0, 30.0, 30.0, 5.0, 0.0, 0.0], 'clearing_price_ED': 25.0, 'weight_history': [[None, None, None, None, None, None, None], [None, None, None, None, None, None, None], [None, None, None, None, None, None, None], [None, None, None, None, None, None, None], [None, None, None, None, None, None, None], [None, None, None, None, None, None, None], [None, None, None, None, None, None, None]], 'converged': True, 'not_converged': False, 'owner_indexes': (3, 6)}"
18,"{'init_cost_vector': [1, 1.5, 2.5, 24, 25, 27.5, 29], 'profit_history': [[839.13, 824.13, 794.13, 149.13, 19.85499999999999, 0.0, 0.0], [839.13, 824.13, 794.13, 149.13, 19.85499999999999, 0.0, 0.0], [839.13, 824.13, 794.13, 149.13, 19.85499999999999, 0.0, 0.0], [839.13, 824.13, 794.13, 149.13, 19.85499999999999, 0.0, 0.0], [839.13, 824.13, 794.13, 149.13, 19.85499999999999, 0.0, 0.0], [839.13, 824.13, 794.13, 149.13, 19.85499999999999, 0.0, 0.0], [839.13, 824.13, 794.13, 149.13, 19.85499999999999, 0.0, 0.0], [839.13, 824.13, 794.13, 149.13, 19.85499999999999, 0.0, 0.0], [839.13, 824.13, 794.13, 149.13, 19.85499999999999, 0.0, 0.0], [839.13, 824.13, 794.13, 149.13, 19.85499999999999, 0.0, 0.0], [839.13, 824.13, 794.13, 149.13, 19.85499999999999, 0.0, 0.0], [839.13, 824.13, 794.13, 149.13, 19.85499999999999, 0.0, 0.0], [839.13, 824.13, 794.13, 149.13, 19.85499999999999, 0.0, 0.0], [839.13, 824.13, 794.13, 149.13, 19.85499999999999, 0.0, 0.0], [839.13, 824.13, 794.13, 149.13, 19.85499999999999, 0.0, 0.0], [839.13, 824.13, 794.13, 149.13, 19.85499999999999, 0.0, 0.0], [839.13, 824.13, 794.13, 149.13, 19.85499999999999, 0.0, 0.0], [839.13, 824.13, 794.13, 149.13, 19.85499999999999, 0.0, 0.0], [839.13, 824.13, 794.13, 149.13, 19.85499999999999, 0.0, 0.0], [839.13, 824.13, 794.13, 149.13, 19.85499999999999, 0.0, 0.0], [839.13, 824.13, 794.13, 149.13, 19.85499999999999, 0.0, 0.0], [839.13, 824.13, 794.13, 149.13, 19.85499999999999, 0.0, 0.0], [839.13, 824.13, 794.13, 149.13, 19.85499999999999, 0.0, 0.0], [839.13, 824.13, 794.13, 149.13, 19.85499999999999, 0.0, 0.0], [839.13, 824.13, 794.13, 149.13, 19.85499999999999, 0.0, 0.0], [839.13, 824.13, 794.13, 149.13, 19.85499999999999, 0.0, 0.0], [839.13, 824.13, 794.13, 149.13, 19.85499999999999, 0.0, 0.0], [839.13, 824.13, 794.13, 149.13, 19.85499999999999, 0.0, 0.0], [839.13, 824.13, 794.13, 149.13, 19.85499999999999, 0.0, 0.0], [839.13, 824.13, 794.13, 149.13, 19.85499999999999, 0.0, 0.0], [839.13, 824.13, 794.13, 149.13, 19.85499999999999, 0.0, 0.0], [839.13, 824.13, 794.13, 149.13, 19.85499999999999, 0.0, 0.0], [839.13, 824.13, 794.13, 149.13, 19.85499999999999, 0.0, 0.0], [839.13, 824.13, 794.13, 149.13, 19.85499999999999, 0.0, 0.0], [839.13, 824.13, 794.13, 149.13, 19.85499999999999, 0.0, 0.0], [839.13, 824.13, 794.13, 149.13, 19.85499999999999, 0.0, 0.0], [839.13, 824.13, 794.13, 149.13, 19.85499999999999, 0.0, 0.0], [839.13, 824.13, 794.13, 149.13, 19.85499999999999, 0.0, 0.0], [839.13, 824.13, 794.13, 149.13, 19.85499999999999, 0.0, 0.0], [839.13, 824.13, 794.13, 149.13, 19.85499999999999, 0.0, 0.0], [839.13, 824.13, 794.13, 149.13, 19.85499999999999, 0.0, 0.0], [839.13, 824.13, 794.13, 149.13, 19.85499999999999, 0.0, 0.0], [839.13, 824.13, 794.13, 149.13, 19.85499999999999, 0.0, 0.0], [839.13, 824.13, 794.13, 149.13, 19.85499999999999, 0.0, 0.0], [839.13, 824.13, 794.13, 149.13, 19.85499999999999, 0.0, 0.0], [839.13, 824.13, 794.13, 149.13, 19.85499999999999, 0.0, 0.0], [839.13, 824.13, 794.13, 149.13, 19.85499999999999, 0.0, 0.0], [839.13, 824.13, 794.13, 149.13, 19.85499999999999, 0.0, 0.0], [839.13, 824.13, 794.13, 149.13, 19.85499999999999, 0.0, 0.0], [839.13, 824.13, 794.13, 149.13, 19.85499999999999, 0.0, 0.0], [839.13, 824.13, 794.13, 149.13, 19.85499999999999, 0.0, 0.0], [839.13, 824.13, 794.13, 149.13, 19.85499999999999, 0.0, 0.0], [839.13, 824.13, 794.13, 149.13, 19.85499999999999, 0.0, 0.0], [839.13, 824.13, 794.13, 149.13, 19.85499999999999, 0.0, 0.0], [839.13, 824.13, 794.13, 149.13, 19.85499999999999, 0.0, 0.0], [839.13, 824.13, 794.13, 149.13, 19.85499999999999, 0.0, 0.0], [839.13, 824.13, 794.13, 149.13, 19.85499999999999, 0.0, 0.0], [839.13, 824.13, 794.13, 149.13, 19.85499999999999, 0.0, 0.0], [839.13, 824.13, 794.13, 149.13, 19.85499999999999, 0.0, 0.0], [839.13, 824.13, 794.13, 149.13, 19.85499999999999, 0.0, 0.0], [839.13, 824.13, 794.13, 149.13, 19.85499999999999, 0.0, 0.0], [839.13, 824.13, 794.13, 149.13, 19.85499999999999, 0.0, 0.0], [839.13, 824.13, 794.13, 149.13, 19.85499999999999, 0.0, 0.0], [839.13, 824.13, 794.13, 149.13, 19.85499999999999, 0.0, 0.0], [839.13, 824.13, 794.13, 149.13, 19.85499999999999, 0.0, 0.0], [839.13, 824.13, 794.13, 149.13, 19.85499999999999, 0.0, 0.0], [839.13, 824.13, 794.13, 149.13, 19.85499999999999, 0.0, 0.0], [839.13, 824.13, 794.13, 149.13, 19.85499999999999, 0.0, 0.0], [839.13, 824.13, 794.13, 149.13, 19.85499999999999, 0.0, 0.0], [839.13, 824.13, 794.13, 149.13, 19.85499999999999, 0.0, 0.0], [839.13, 824.13, 794.13, 149.13, 19.85499999999999, 0.0, 0.0], [839.13, 824.13, 794.13, 149.13, 19.85499999999999, 0.0, 0.0], [839.13, 824.13, 794.13, 149.13, 19.85499999999999, 0.0, 0.0], [839.13, 824.13, 794.13, 149.13, 19.85499999999999, 0.0, 0.0], [839.13, 824.13, 794.13, 149.13, 19.85499999999999, 0.0, 0.0], [839.13, 824.13, 794.13, 149.13, 19.85499999999999, 0.0, 0.0], [839.13, 824.13, 794.13, 149.13, 19.85499999999999, 0.0, 0.0], [839.13, 824.13, 794.13, 149.13, 19.85499999999999, 0.0, 0.0], [839.13, 824.13, 794.13, 149.13, 19.85499999999999, 0.0, 0.0], [839.13, 824.13, 794.13, 149.13, 19.85499999999999, 0.0, 0.0], [839.13, 824.13, 794.13, 149.13, 19.85499999999999, 0.0, 0.0], [839.13, 824.13, 794.13, 149.13, 19.85499999999999, 0.0, 0.0], [839.13, 824.13, 794.13, 149.13, 19.85499999999999, 0.0, 0.0], [839.13, 824.13, 794.13, 149.13, 19.85499999999999, 0.0, 0.0], [839.13, 824.13, 794.13, 149.13, 19.85499999999999, 0.0, 0.0], [839.13, 824.13, 794.13, 149.13, 19.85499999999999, 0.0, 0.0], [839.13, 824.13, 794.13, 149.13, 19.85499999999999, 0.0, 0.0], [839.13, 824.13, 794.13, 149.13, 19.85499999999999, 0.0, 0.0], [839.13, 824.13, 794.13, 149.13, 19.85499999999999, 0.0, 0.0], [839.13, 824.13, 794.13, 149.13, 19.85499999999999, 0.0, 0.0], [839.13, 824.13, 794.13, 149.13, 19.85499999999999, 0.0, 0.0], [839.13, 824.13, 794.13, 149.13, 19.85499999999999, 0.0, 0.0], [839.13, 824.13, 794.13, 149.13, 19.85499999999999, 0.0, 0.0], [839.13, 824.13, 794.13, 149.13, 19.85499999999999, 0.0, 0.0], [839.13, 824.13, 794.13, 149.13, 19.85499999999999, 0.0, 0.0], [839.13, 824.13, 794.13, 149.13, 19.85499999999999, 0.0, 0.0], [839.13, 824.13, 794.13, 149.13, 19.85499999999999, 0.0, 0.0], [839.13, 824.13, 794.13, 149.13, 19.85499999999999, 0.0, 0.0], [839.13, 824.13, 794.13, 149.13, 19.85499999999999, 0.0, 0.0], [839.13, 824.13, 794.13, 149.13, 19.85499999999999, 0.0, 0.0], [839.13, 824.13, 794.13, 149.13, 19.85499999999999, 0.0, 0.0], [839.13, 824.13, 794.13, 149.13, 19.85499999999999, 0.0, 0.0], [839.13, 824.13, 794.13, 149.13, 19.85499999999999, 0.0, 0.0], [839.13, 824.13, 794.13, 149.13, 19.85499999999999, 0.0, 0.0], [839.13, 824.13, 794.13, 149.13, 19.85499999999999, 0.0, 0.0], [839.13, 824.13, 794.13, 149.13, 19.85499999999999, 0.0, 0.0], [839.13, 824.13, 794.13, 149.13, 19.85499999999999, 0.0, 0.0], [839.13, 824.13, 794.13, 149.13, 19.85499999999999, 0.0, 0.0], [839.13, 824.13, 794.13, 149.13, 19.85499999999999, 0.0, 0.0], [839.13, 824.13, 794.13, 149.13, 19.85499999999999, 0.0, 0.0], [839.13, 824.13, 794.13, 149.13, 19.85499999999999, 0.0, 0.0], [839.13, 824.13, 794.13, 149.13, 19.85499999999999, 0.0, 0.0], [839.13, 824.13, 794.13, 149.13, 19.85499999999999, 0.0, 0.0], [839.13, 824.13, 794.13, 149.13, 19.85499999999999, 0.0, 0.0], [839.13, 824.13, 794.13, 149.13, 19.85499999999999, 0.0, 0.0], [839.13, 824.13, 794.13, 149.13, 19.85499999999999, 0.0, 0.0], [839.13, 824.13, 794.13, 149.13, 19.85499999999999, 0.0, 0.0], [839.13, 824.13, 794.13, 149.13, 19.85499999999999, 0.0, 0.0], [839.13, 824.13, 794.13, 149.13, 19.85499999999999, 0.0, 0.0], [839.13, 824.13, 794.13, 149.13, 19.85499999999999, 0.0, 0.0], [839.13, 824.13, 794.13, 149.13, 19.85499999999999, 0.0, 0.0], [839.13, 824.13, 794.13, 149.13, 19.85499999999999, 0.0, 0.0], [839.13, 824.13, 794.13, 149.13, 19.85499999999999, 0.0, 0.0], [839.13, 824.13, 794.13, 149.13, 19.85499999999999, 0.0, 0.0], [839.13, 824.13, 794.13, 149.13, 19.85499999999999, 0.0, 0.0], [839.13, 824.13, 794.13, 149.13, 19.85499999999999, 0.0, 0.0], [839.13, 824.13, 794.13, 149.13, 19.85499999999999, 0.0, 0.0], [839.13, 824.13, 794.13, 149.13, 19.85499999999999, 0.0, 0.0], [839.13, 824.13, 794.13, 149.13, 19.85499999999999, 0.0, 0.0], [839.13, 824.13, 794.13, 149.13, 19.85499999999999, 0.0, 0.0], [839.13, 824.13, 794.13, 149.13, 19.85499999999999, 0.0, 0.0], [839.13, 824.13, 794.13, 149.13, 19.85499999999999, 0.0, 0.0], [839.13, 824.13, 794.13, 149.13, 19.85499999999999, 0.0, 0.0], [839.13, 824.13, 794.13, 149.13, 19.85499999999999, 0.0, 0.0], [839.13, 824.13, 794.13, 149.13, 19.85499999999999, 0.0, 0.0], [839.13, 824.13, 794.13, 149.13, 19.85499999999999, 0.0, 0.0], [839.13, 824.13, 794.13, 149.13, 19.85499999999999, 0.0, 0.0], [839.13, 824.13, 794.13, 149.13, 19.85499999999999, 0.0, 0.0], [839.13, 824.13, 794.13, 149.13, 19.85499999999999, 0.0, 0.0], [839.13, 824.13, 794.13, 149.13, 19.85499999999999, 0.0, 0.0], [839.13, 824.13, 794.13, 149.13, 19.85499999999999, 0.0, 0.0], [839.13, 824.13, 794.13, 149.13, 19.85499999999999, 0.0, 0.0], [839.13, 824.13, 794.13, 149.13, 19.85499999999999, 0.0, 0.0], [839.13, 824.13, 794.13, 149.13, 19.85499999999999, 0.0, 0.0], [839.13, 824.13, 794.13, 149.13, 19.85499999999999, 0.0, 0.0], [839.13, 824.13, 794.13, 149.13, 19.85499999999999, 0.0, 0.0], [839.13, 824.13, 794.13, 149.13, 19.85499999999999, 0.0, 0.0], [839.13, 824.13, 794.13, 149.13, 19.85499999999999, 0.0, 0.0], [839.13, 824.13, 794.13, 149.13, 19.85499999999999, 0.0, 0.0], [839.13, 824.13, 794.13, 149.13, 19.85499999999999, 0.0, 0.0], [839.13, 824.13, 794.13, 149.13, 19.85499999999999, 0.0, 0.0]], 'alpha_history': [[1, 2.49750000000088, 2.5, 24, 28.971, 28.971, 29], [1.5015000000000664, 1.5, 2.5, 24, 28.971, 1200.0, 29], [1.5015000000000664, 1.5, 2.5, 24, 28.971, 28.971, 29], [1, 1.5, 2.5, 24, 28.971, 1200.0, 29], [1.5015000000000664, 1.5, 2.5, 24, 28.971, 1200.0, 29], [1, 1.5, 2.5, 24, 28.971, 28.971, 29], [1.5015000000000664, 1.5, 2.5, 24, 28.971, 1200.0, 29], [1, 1.5, 2.5, 24, 28.971, 28.971, 29], [1.5015000000000664, 1.5, 2.5, 24, 28.971, 1200.0, 29], [1.5015000000000664, 1.5, 2.5, 24, 28.971, 28.971, 29], [1, 1.5, 2.5, 24, 28.971, 28.971, 29], [1.5015000000000664, 1.5, 2.5, 24, 28.971, 1200.0, 29], [1, 1.5, 2.5, 24, 28.971, 28.971, 29], [1, 1.5, 2.5, 24, 28.971, 1200.0, 29], [1.5015000000000664, 1.5, 2.5, 24, 28.971, 1200.0, 29], [1, 1.5, 2.5, 24, 28.971, 28.971, 29], [1, 1.5, 2.5, 24, 28.971, 1200.0, 29], [1.5015000000000664, 1.5, 2.5, 24, 28.971, 28.971, 29], [1, 1.5, 2.5, 24, 28.971, 28.971, 29], [1.5015000000000664, 1.5, 2.5, 24, 28.971, 1200.0, 29], [1.5015000000000664, 1.5, 2.5, 24, 28.971, 28.971, 29], [1, 1.5, 2.5, 24, 28.971, 1200.0, 29], [1.5015000000000664, 1.5, 2.5, 24, 28.971, 1200.0, 29], [1.5015000000000664, 1.5, 2.5, 24, 28.971, 28.971, 29], [1, 1.5, 2.5, 24, 28.971, 28.971, 29], [1.5015000000000664, 1.5, 2.5, 24, 28.971, 1200.0, 29], [1.5015000000000664, 1.5, 2.5, 24, 28.971, 28.971, 29], [1, 1.5, 2.5, 24, 28.971, 28.971, 29], [1.5015000000000664, 1.5, 2.5, 24, 28.971, 1200.0, 29], [1, 1.5, 2.5, 24, 28.971, 28.971, 29], [1, 1.5, 2.5, 24, 28.971, 1200.0, 29], [1.5015000000000664, 1.5, 2.5, 24, 28.971, 1200.0, 29], [1.5015000000000664, 1.5, 2.5, 24, 28.971, 28.971, 29], [1, 1.5, 2.5, 24, 28.971, 1200.0, 29], [1.5015000000000664, 1.5, 2.5, 24, 28.971, 28.971, 29], [1, 1.5, 2.5, 24, 28.971, 28.971, 29], [1, 1.5, 2.5, 24, 28.971, 1200.0, 29], [1.5015000000000664, 1.5, 2.5, 24, 28.971, 1200.0, 29], [1.5015000000000664, 1.5, 2.5, 24, 28.971, 28.971, 29], [1, 1.5, 2.5, 24, 28.971, 28.971, 29], [1, 1.5, 2.5, 24, 28.971, 1200.0, 29], [1.5015000000000664, 1.5, 2.5, 24, 28.971, 28.971, 29], [1, 1.5, 2.5, 24, 28.971, 1200.0, 29], [1.5015000000000664, 1.5, 2.5, 24, 28.971, 1200.0, 29], [1.5015000000000664, 1.5, 2.5, 24, 28.971, 28.971, 29], [1, 1.5, 2.5, 24, 28.971, 1200.0, 29], [1.5015000000000664, 1.5, 2.5, 24, 28.971, 1200.0, 29], [1.5015000000000664, 1.5, 2.5, 24, 28.971, 28.971, 29], [1, 1.5, 2.5, 24, 28.971, 1200.0, 29], [1.5015000000000664, 1.5, 2.5, 24, 28.971, 28.971, 29], [1, 1.5, 2.5, 24, 28.971, 1200.0, 29], [1.5015000000000664, 1.5, 2.5, 24, 28.971, 28.971, 29], [1, 1.5, 2.5, 24, 28.971, 28.971, 29], [1.5015000000000664, 1.5, 2.5, 24, 28.971, 1200.0, 29], [1, 1.5, 2.5, 24, 28.971, 28.971, 29], [1.5015000000000664, 1.5, 2.5, 24, 28.971, 1200.0, 29], [1, 1.5, 2.5, 24, 28.971, 28.971, 29], [1.5015000000000664, 1.5, 2.5, 24, 28.971, 1200.0, 29], [1.5015000000000664, 1.5, 2.5, 24, 28.971, 28.971, 29], [1, 1.5, 2.5, 24, 28.971, 1200.0, 29], [1.5015000000000664, 1.5, 2.5, 24, 28.971, 28.971, 29], [1, 1.5, 2.5, 24, 28.971, 1200.0, 29], [1.5015000000000664, 1.5, 2.5, 24, 28.971, 1200.0, 29], [1.5015000000000664, 1.5, 2.5, 24, 28.971, 28.971, 29], [1, 1.5, 2.5, 24, 28.971, 28.971, 29], [1.5015000000000664, 1.5, 2.5, 24, 28.971, 1200.0, 29], [1, 1.5, 2.5, 24, 28.971, 28.971, 29], [1.5015000000000664, 1.5, 2.5, 24, 28.971, 1200.0, 29], [1.5015000000000664, 1.5, 2.5, 24, 28.971, 28.971, 29], [1, 1.5, 2.5, 24, 28.971, 28.971, 29], [1.5015000000000664, 1.5, 2.5, 24, 28.971, 1200.0, 29], [1, 1.5, 2.5, 24, 28.971, 28.971, 29], [1, 1.5, 2.5, 24, 28.971, 1200.0, 29], [1.5015000000000664, 1.5, 2.5, 24, 28.971, 28.971, 29], [1, 1.5, 2.5, 24, 28.971, 1200.0, 29], [1.5015000000000664, 1.5, 2.5, 24, 28.971, 28.971, 29], [1, 1.5, 2.5, 24, 28.971, 1200.0, 29], [1.5015000000000664, 1.5, 2.5, 24, 28.971, 1200.0, 29], [1, 1.5, 2.5, 24, 28.971, 28.971, 29], [1.5015000000000664, 1.5, 2.5, 24, 28.971, 1200.0, 29], [1, 1.5, 2.5, 24, 28.971, 28.971, 29], [1.5015000000000664, 1.5, 2.5, 24, 28.971, 1200.0, 29], [1.5015000000000664, 1.5, 2.5, 24, 28.971, 28.971, 29], [1, 1.5, 2.5, 24, 28.971, 28.971, 29], [1, 1.5, 2.5, 24, 28.971, 1200.0, 29], [1.5015000000000664, 1.5, 2.5, 24, 28.971, 28.971, 29], [1, 1.5, 2.5, 24, 28.971, 28.971, 29], [1, 1.5, 2.5, 24, 28.971, 1200.0, 29], [1.5015000000000664, 1.5, 2.5, 24, 28.971, 1200.0, 29], [1, 1.5, 2.5, 24, 28.971, 28.971, 29], [1, 1.5, 2.5, 24, 28.971, 1200.0, 29], [1.5015000000000664, 1.5, 2.5, 24, 28.971, 1200.0, 29], [1, 1.5, 2.5, 24, 28.971, 28.971, 29], [1, 1.5, 2.5, 24, 28.971, 1200.0, 29], [1.5015000000000664, 1.5, 2.5, 24, 28.971, 1200.0, 29], [1.5015000000000664, 1.5, 2.5, 24, 28.971, 28.971, 29], [1, 1.5, 2.5, 24, 28.971, 28.971, 29], [1, 1.5, 2.5, 24, 28.971, 1200.0, 29], [1.5015000000000664, 1.5, 2.5, 24, 28.971, 28.971, 29], [1, 1.5, 2.5, 24, 28.971, 28.971, 29], [1, 1.5, 2.5, 24, 28.971, 1200.0, 29], [1.5015000000000664, 1.5, 2.5, 24, 28.971, 28.971, 29], [1, 1.5, 2.5, 24, 28.971, 28.971, 29], [1, 1.5, 2.5, 24, 28.971, 1200.0, 29], [1.5015000000000664, 1.5, 2.5, 24, 28.971, 28.971, 29], [1, 1.5, 2.5, 24, 28.971, 1200.0, 29], [1.5015000000000664, 1.5, 2.5, 24, 28.971, 1200.0, 29], [1.5015000000000664, 1.5, 2.5, 24, 28.971, 28.971, 29], [1, 1.5, 2.5, 24, 28.971, 1200.0, 29], [1.5015000000000664, 1.5, 2.5, 24, 28.971, 1200.0, 29], [1, 1.5, 2.5, 24, 28.971, 28.971, 29], [1.5015000000000664, 1.5, 2.5, 24, 28.971, 1200.0, 29], [1, 1.5, 2.5, 24, 28.971, 28.971, 29], [1.5015000000000664, 1.5, 2.5, 24, 28.971, 1200.0, 29], [1, 1.5, 2.5, 24, 28.971, 28.971, 29], [1.5015000000000664, 1.5, 2.5, 24, 28.971, 1200.0, 29], [1.5015000000000664, 1.5, 2.5, 24, 28.971, 28.971, 29], [1, 1.5, 2.5, 24, 28.971, 1200.0, 29], [1.5015000000000664, 1.5, 2.5, 24, 28.971, 28.971, 29], [1, 1.5, 2.5, 24, 28.971, 1200.0, 29], [1.5015000000000664, 1.5, 2.5, 24, 28.971, 1200.0, 29], [1.5015000000000664, 1.5, 2.5, 24, 28.971, 28.971, 29], [1, 1.5, 2.5, 24, 28.971, 28.971, 29], [1.5015000000000664, 1.5, 2.5, 24, 28.971, 1200.0, 29], [1.5015000000000664, 1.5, 2.5, 24, 28.971, 28.971, 29], [1, 1.5, 2.5, 24, 28.971, 28.971, 29], [1.5015000000000664, 1.5, 2.5, 24, 28.971, 1200.0, 29], [1, 1.5, 2.5, 24, 28.971, 28.971, 29], [1.5015000000000664, 1.5, 2.5, 24, 28.971, 1200.0, 29], [1.5015000000000664, 1.5, 2.5, 24, 28.971, 28.971, 29], [1, 1.5, 2.5, 24, 28.971, 1200.0, 29], [1.5015000000000664, 1.5, 2.5, 24, 28.971, 1200.0, 29], [1, 1.5, 2.5, 24, 28.971, 28.971, 29], [1, 1.5, 2.5, 24, 28.971, 1200.0, 29], [1.5015000000000664, 1.5, 2.5, 24, 28.971, 1200.0, 29], [1.5015000000000664, 1.5, 2.5, 24, 28.971, 28.971, 29], [1, 1.5, 2.5, 24, 28.971, 1200.0, 29], [1.5015000000000664, 1.5, 2.5, 24, 28.971, 28.971, 29], [1, 1.5, 2.5, 24, 28.971, 28.971, 29], [1, 1.5, 2.5, 24, 28.971, 1200.0, 29], [1.5015000000000664, 1.5, 2.5, 24, 28.971, 28.971, 29], [1, 1.5, 2.5, 24, 28.971, 28.971, 29], [1, 1.5, 2.5, 24, 28.971, 1200.0, 29], [1.5015000000000664, 1.5, 2.5, 24, 28.971, 28.971, 29], [1, 1.5, 2.5, 24, 28.971, 28.971, 29], [1.5015000000000664, 1.5, 2.5, 24, 28.971, 1200.0, 29], [1, 1.5, 2.5, 24, 28.971, 28.971, 29], [1, 1.5, 2.5, 24, 28.971, 1200.0, 29], [1.5015000000000664, 1.5, 2.5, 24, 28.971, 28.971, 29], [1, 1.5, 2.5, 24, 28.971, 1200.0, 29], [1.5015000000000664, 1.5, 2.5, 24, 28.971, 28.971, 29]], 'dispatch_history': [[30.0, 30.0, 30.0, 30.0, 5.0, 0.0, 0.0], [30.0, 30.0, 30.0, 30.0, 5.0, 0.0, 0.0], [30.0, 30.0, 30.0, 30.0, 5.0, 0.0, 0.0], [30.0, 30.0, 30.0, 30.0, 5.0, 0.0, 0.0], [30.0, 30.0, 30.0, 30.0, 5.0, 0.0, 0.0], [30.0, 30.0, 30.0, 30.0, 5.0, 0.0, 0.0], [30.0, 30.0, 30.0, 30.0, 5.0, 0.0, 0.0], [30.0, 30.0, 30.0, 30.0, 5.0, 0.0, 0.0], [30.0, 30.0, 30.0, 30.0, 5.0, 0.0, 0.0], [30.0, 30.0, 30.0, 30.0, 5.0, 0.0, 0.0], [30.0, 30.0, 30.0, 30.0, 5.0, 0.0, 0.0], [30.0, 30.0, 30.0, 30.0, 5.0, 0.0, 0.0], [30.0, 30.0, 30.0, 30.0, 5.0, 0.0, 0.0], [30.0, 30.0, 30.0, 30.0, 5.0, 0.0, 0.0], [30.0, 30.0, 30.0, 30.0, 5.0, 0.0, 0.0], [30.0, 30.0, 30.0, 30.0, 5.0, 0.0, 0.0], [30.0, 30.0, 30.0, 30.0, 5.0, 0.0, 0.0], [30.0, 30.0, 30.0, 30.0, 5.0, 0.0, 0.0], [30.0, 30.0, 30.0, 30.0, 5.0, 0.0, 0.0], [30.0, 30.0, 30.0, 30.0, 5.0, 0.0, 0.0], [30.0, 30.0, 30.0, 30.0, 5.0, 0.0, 0.0], [30.0, 30.0, 30.0, 30.0, 5.0, 0.0, 0.0], [30.0, 30.0, 30.0, 30.0, 5.0, 0.0, 0.0], [30.0, 30.0, 30.0, 30.0, 5.0, 0.0, 0.0], [30.0, 30.0, 30.0, 30.0, 5.0, 0.0, 0.0], [30.0, 30.0, 30.0, 30.0, 5.0, 0.0, 0.0], [30.0, 30.0, 30.0, 30.0, 5.0, 0.0, 0.0], [30.0, 30.0, 30.0, 30.0, 5.0, 0.0, 0.0], [30.0, 30.0, 30.0, 30.0, 5.0, 0.0, 0.0], [30.0, 30.0, 30.0, 30.0, 5.0, 0.0, 0.0], [30.0, 30.0, 30.0, 30.0, 5.0, 0.0, 0.0], [30.0, 30.0, 30.0, 30.0, 5.0, 0.0, 0.0], [30.0, 30.0, 30.0, 30.0, 5.0, 0.0, 0.0], [30.0, 30.0, 30.0, 30.0, 5.0, 0.0, 0.0], [30.0, 30.0, 30.0, 30.0, 5.0, 0.0, 0.0], [30.0, 30.0, 30.0, 30.0, 5.0, 0.0, 0.0], [30.0, 30.0, 30.0, 30.0, 5.0, 0.0, 0.0], [30.0, 30.0, 30.0, 30.0, 5.0, 0.0, 0.0], [30.0, 30.0, 30.0, 30.0, 5.0, 0.0, 0.0], [30.0, 30.0, 30.0, 30.0, 5.0, 0.0, 0.0], [30.0, 30.0, 30.0, 30.0, 5.0, 0.0, 0.0], [30.0, 30.0, 30.0, 30.0, 5.0, 0.0, 0.0], [30.0, 30.0, 30.0, 30.0, 5.0, 0.0, 0.0], [30.0, 30.0, 30.0, 30.0, 5.0, 0.0, 0.0], [30.0, 30.0, 30.0, 30.0, 5.0, 0.0, 0.0], [30.0, 30.0, 30.0, 30.0, 5.0, 0.0, 0.0], [30.0, 30.0, 30.0, 30.0, 5.0, 0.0, 0.0], [30.0, 30.0, 30.0, 30.0, 5.0, 0.0, 0.0], [30.0, 30.0, 30.0, 30.0, 5.0, 0.0, 0.0], [30.0, 30.0, 30.0, 30.0, 5.0, 0.0, 0.0], [30.0, 30.0, 30.0, 30.0, 5.0, 0.0, 0.0], [30.0, 30.0, 30.0, 30.0, 5.0, 0.0, 0.0], [30.0, 30.0, 30.0, 30.0, 5.0, 0.0, 0.0], [30.0, 30.0, 30.0, 30.0, 5.0, 0.0, 0.0], [30.0, 30.0, 30.0, 30.0, 5.0, 0.0, 0.0], [30.0, 30.0, 30.0, 30.0, 5.0, 0.0, 0.0], [30.0, 30.0, 30.0, 30.0, 5.0, 0.0, 0.0], [30.0, 30.0, 30.0, 30.0, 5.0, 0.0, 0.0], [30.0, 30.0, 30.0, 30.0, 5.0, 0.0, 0.0], [30.0, 30.0, 30.0, 30.0, 5.0, 0.0, 0.0], [30.0, 30.0, 30.0, 30.0, 5.0, 0.0, 0.0], [30.0, 30.0, 30.0, 30.0, 5.0, 0.0, 0.0], [30.0, 30.0, 30.0, 30.0, 5.0, 0.0, 0.0], [30.0, 30.0, 30.0, 30.0, 5.0, 0.0, 0.0], [30.0, 30.0, 30.0, 30.0, 5.0, 0.0, 0.0], [30.0, 30.0, 30.0, 30.0, 5.0, 0.0, 0.0], [30.0, 30.0, 30.0, 30.0, 5.0, 0.0, 0.0], [30.0, 30.0, 30.0, 30.0, 5.0, 0.0, 0.0], [30.0, 30.0, 30.0, 30.0, 5.0, 0.0, 0.0], [30.0, 30.0, 30.0, 30.0, 5.0, 0.0, 0.0], [30.0, 30.0, 30.0, 30.0, 5.0, 0.0, 0.0], [30.0, 30.0, 30.0, 30.0, 5.0, 0.0, 0.0], [30.0, 30.0, 30.0, 30.0, 5.0, 0.0, 0.0], [30.0, 30.0, 30.0, 30.0, 5.0, 0.0, 0.0], [30.0, 30.0, 30.0, 30.0, 5.0, 0.0, 0.0], [30.0, 30.0, 30.0, 30.0, 5.0, 0.0, 0.0], [30.0, 30.0, 30.0, 30.0, 5.0, 0.0, 0.0], [30.0, 30.0, 30.0, 30.0, 5.0, 0.0, 0.0], [30.0, 30.0, 30.0, 30.0, 5.0, 0.0, 0.0], [30.0, 30.0, 30.0, 30.0, 5.0, 0.0, 0.0], [30.0, 30.0, 30.0, 30.0, 5.0, 0.0, 0.0], [30.0, 30.0, 30.0, 30.0, 5.0, 0.0, 0.0], [30.0, 30.0, 30.0, 30.0, 5.0, 0.0, 0.0], [30.0, 30.0, 30.0, 30.0, 5.0, 0.0, 0.0], [30.0, 30.0, 30.0, 30.0, 5.0, 0.0, 0.0], [30.0, 30.0, 30.0, 30.0, 5.0, 0.0, 0.0], [30.0, 30.0, 30.0, 30.0, 5.0, 0.0, 0.0], [30.0, 30.0, 30.0, 30.0, 5.0, 0.0, 0.0], [30.0, 30.0, 30.0, 30.0, 5.0, 0.0, 0.0], [30.0, 30.0, 30.0, 30.0, 5.0, 0.0, 0.0], [30.0, 30.0, 30.0, 30.0, 5.0, 0.0, 0.0], [30.0, 30.0, 30.0, 30.0, 5.0, 0.0, 0.0], [30.0, 30.0, 30.0, 30.0, 5.0, 0.0, 0.0], [30.0, 30.0, 30.0, 30.0, 5.0, 0.0, 0.0], [30.0, 30.0, 30.0, 30.0, 5.0, 0.0, 0.0], [30.0, 30.0, 30.0, 30.0, 5.0, 0.0, 0.0], [30.0, 30.0, 30.0, 30.0, 5.0, 0.0, 0.0], [30.0, 30.0, 30.0, 30.0, 5.0, 0.0, 0.0], [30.0, 30.0, 30.0, 30.0, 5.0, 0.0, 0.0], [30.0, 30.0, 30.0, 30.0, 5.0, 0.0, 0.0], [30.0, 30.0, 30.0, 30.0, 5.0, 0.0, 0.0], [30.0, 30.0, 30.0, 30.0, 5.0, 0.0, 0.0], [30.0, 30.0, 30.0, 30.0, 5.0, 0.0, 0.0], [30.0, 30.0, 30.0, 30.0, 5.0, 0.0, 0.0], [30.0, 30.0, 30.0, 30.0, 5.0, 0.0, 0.0], [30.0, 30.0, 30.0, 30.0, 5.0, 0.0, 0.0], [30.0, 30.0, 30.0, 30.0, 5.0, 0.0, 0.0], [30.0, 30.0, 30.0, 30.0, 5.0, 0.0, 0.0], [30.0, 30.0, 30.0, 30.0, 5.0, 0.0, 0.0], [30.0, 30.0, 30.0, 30.0, 5.0, 0.0, 0.0], [30.0, 30.0, 30.0, 30.0, 5.0, 0.0, 0.0], [30.0, 30.0, 30.0, 30.0, 5.0, 0.0, 0.0], [30.0, 30.0, 30.0, 30.0, 5.0, 0.0, 0.0], [30.0, 30.0, 30.0, 30.0, 5.0, 0.0, 0.0], [30.0, 30.0, 30.0, 30.0, 5.0, 0.0, 0.0], [30.0, 30.0, 30.0, 30.0, 5.0, 0.0, 0.0], [30.0, 30.0, 30.0, 30.0, 5.0, 0.0, 0.0], [30.0, 30.0, 30.0, 30.0, 5.0, 0.0, 0.0], [30.0, 30.0, 30.0, 30.0, 5.0, 0.0, 0.0], [30.0, 30.0, 30.0, 30.0, 5.0, 0.0, 0.0], [30.0, 30.0, 30.0, 30.0, 5.0, 0.0, 0.0], [30.0, 30.0, 30.0, 30.0, 5.0, 0.0, 0.0], [30.0, 30.0, 30.0, 30.0, 5.0, 0.0, 0.0], [30.0, 30.0, 30.0, 30.0, 5.0, 0.0, 0.0], [30.0, 30.0, 30.0, 30.0, 5.0, 0.0, 0.0], [30.0, 30.0, 30.0, 30.0, 5.0, 0.0, 0.0], [30.0, 30.0, 30.0, 30.0, 5.0, 0.0, 0.0], [30.0, 30.0, 30.0, 30.0, 5.0, 0.0, 0.0], [30.0, 30.0, 30.0, 30.0, 5.0, 0.0, 0.0], [30.0, 30.0, 30.0, 30.0, 5.0, 0.0, 0.0], [30.0, 30.0, 30.0, 30.0, 5.0, 0.0, 0.0], [30.0, 30.0, 30.0, 30.0, 5.0, 0.0, 0.0], [30.0, 30.0, 30.0, 30.0, 5.0, 0.0, 0.0], [30.0, 30.0, 30.0, 30.0, 5.0, 0.0, 0.0], [30.0, 30.0, 30.0, 30.0, 5.0, 0.0, 0.0], [30.0, 30.0, 30.0, 30.0, 5.0, 0.0, 0.0], [30.0, 30.0, 30.0, 30.0, 5.0, 0.0, 0.0], [30.0, 30.0, 30.0, 30.0, 5.0, 0.0, 0.0], [30.0, 30.0, 30.0, 30.0, 5.0, 0.0, 0.0], [30.0, 30.0, 30.0, 30.0, 5.0, 0.0, 0.0], [30.0, 30.0, 30.0, 30.0, 5.0, 0.0, 0.0], [30.0, 30.0, 30.0, 30.0, 5.0, 0.0, 0.0], [30.0, 30.0, 30.0, 30.0, 5.0, 0.0, 0.0], [30.0, 30.0, 30.0, 30.0, 5.0, 0.0, 0.0], [30.0, 30.0, 30.0, 30.0, 5.0, 0.0, 0.0], [30.0, 30.0, 30.0, 30.0, 5.0, 0.0, 0.0], [30.0, 30.0, 30.0, 30.0, 5.0, 0.0, 0.0], [30.0, 30.0, 30.0, 30.0, 5.0, 0.0, 0.0], [30.0, 30.0, 30.0, 30.0, 5.0, 0.0, 0.0], [30.0, 30.0, 30.0, 30.0, 5.0, 0.0, 0.0], [30.0, 30.0, 30.0, 30.0, 5.0, 0.0, 0.0]], 'iterations': 151, 'PoA': 3.639572864321608, 'final_dispatch': [30.0, 30.0, 30.0, 30.0, 5.0, 0.0, 0.0], 'final_bid': [1.5015000000000664, 1.5, 2.5, 24, 28.971, 28.971, 29], 'clearing_price': 28.971, 'clearing_price_history': [28.971, 28.971, 28.971, 28.971, 28.971, 28.971, 28.971, 28.971, 28.971, 28.971, 28.971, 28.971, 28.971, 28.971, 28.971, 28.971, 28.971, 28.971, 28.971, 28.971, 28.971, 28.971, 28.971, 28.971, 28.971, 28.971, 28.971, 28.971, 28.971, 28.971, 28.971, 28.971, 28.971, 28.971, 28.971, 28.971, 28.971, 28.971, 28.971, 28.971, 28.971, 28.971, 28.971, 28.971, 28.971, 28.971, 28.971, 28.971, 28.971, 28.971, 28.971, 28.971, 28.971, 28.971, 28.971, 28.971, 28.971, 28.971, 28.971, 28.971, 28.971, 28.971, 28.971, 28.971, 28.971, 28.971, 28.971, 28.971, 28.971, 28.971, 28.971, 28.971, 28.971, 28.971, 28.971, 28.971, 28.971, 28.971, 28.971, 28.971, 28.971, 28.971, 28.971, 28.971, 28.971, 28.971, 28.971, 28.971, 28.971, 28.971, 28.971, 28.971, 28.971, 28.971, 28.971, 28.971, 28.971, 28.971, 28.971, 28.971, 28.971, 28.971, 28.971, 28.971, 28.971, 28.971, 28.971, 28.971, 28.971, 28.971, 28.971, 28.971, 28.971, 28.971, 28.971, 28.971, 28.971, 28.971, 28.971, 28.971, 28.971, 28.971, 28.971, 28.971, 28.971, 28.971, 28.971, 28.971, 28.971, 28.971, 28.971, 28.971, 28.971, 28.971, 28.971, 28.971, 28.971, 28.971, 28.971, 28.971, 28.971, 28.971, 28.971, 28.971, 28.971, 28.971, 28.971, 28.971, 28.971, 28.971, 28.971], 'dispatch_ED': [30.0, 30.0, 30.0, 30.0, 5.0, 0.0, 0.0], 'clearing_price_ED': 25.0, 'weight_history': [[None, None, None, None, None, None, None], [None, None, None, None, None, None, None], [None, None, None, None, None, None, None], [None, None, None, None, None, None, None], [None, None, None, None, None, None, None], [None, None, None, None, None, None, None], [None, None, None, None, None, None, None], [None, None, None, None, None, None, None], [None, None, None, None, None, None, None], [None, None, None, None, None, None, None], [None, None, None, None, None, None, None], [None, None, None, None, None, None, None], [None, None, None, None, None, None, None], [None, None, None, None, None, None, None], [None, None, None, None, None, None, None], [None, None, None, None, None, None, None], [None, None, None, None, None, None, None], [None, None, None, None, None, None, None], [None, None, None, None, None, None, None], [None, None, None, None, None, None, None], [None, None, None, None, None, None, None], [None, None, None, None, None, None, None], [None, None, None, None, None, None, None], [None, None, None, None, None, None, None], [None, None, None, None, None, None, None], [None, None, None, None, None, None, None], [None, None, None, None, None, None, None], [None, None, None, None, None, None, None], [None, None, None, None, None, None, None], [None, None, None, None, None, None, None], [None, None, None, None, None, None, None], [None, None, None, None, None, None, None], [None, None, None, None, None, None, None], [None, None, None, None, None, None, None], [None, None, None, None, None, None, None], [None, None, None, None, None, None, None], [None, None, None, None, None, None, None], [None, None, None, None, None, None, None], [None, None, None, None, None, None, None], [None, None, None, None, None, None, None], [None, None, None, None, None, None, None], [None, None, None, None, None, None, None], [None, None, None, None, None, None, None], [None, None, None, None, None, None, None], [None, None, None, None, None, None, None], [None, None, None, None, None, None, None], [None, None, None, None, None, None, None], [None, None, None, None, None, None, None], [None, None, None, None, None, None, None], [None, None, None, None, None, None, None], [None, None, None, None, None, None, None], [None, None, None, None, None, None, None], [None, None, None, None, None, None, None], [None, None, None, None, None, None, None], [None, None, None, None, None, None, None], [None, None, None, None, None, None, None], [None, None, None, None, None, None, None], [None, None, None, None, None, None, None], [None, None, None, None, None, None, None], [None, None, None, None, None, None, None], [None, None, None, None, None, None, None], [None, None, None, None, None, None, None], [None, None, None, None, None, None, None], [None, None, None, None, None, None, None], [None, None, None, None, None, None, None], [None, None, None, None, None, None, None], [None, None, None, None, None, None, None], [None, None, None, None, None, None, None], [None, None, None, None, None, None, None], [None, None, None, None, None, None, None], [None, None, None, None, None, None, None], [None, None, None, None, None, None, None], [None, None, None, None, None, None, None], [None, None, None, None, None, None, None], [None, None, None, None, None, None, None], [None, None, None, None, None, None, None], [None, None, None, None, None, None, None], [None, None, None, None, None, None, None], [None, None, None, None, None, None, None], [None, None, None, None, None, None, None], [None, None, None, None, None, None, None], [None, None, None, None, None, None, None], [None, None, None, None, None, None, None], [None, None, None, None, None, None, None], [None, None, None, None, None, None, None], [None, None, None, None, None, None, None], [None, None, None, None, None, None, None], [None, None, None, None, None, None, None], [None, None, None, None, None, None, None], [None, None, None, None, None, None, None], [None, None, None, None, None, None, None], [None, None, None, None, None, None, None], [None, None, None, None, None, None, None], [None, None, None, None, None, None, None], [None, None, None, None, None, None, None], [None, None, None, None, None, None, None], [None, None, None, None, None, None, None], [None, None, None, None, None, None, None], [None, None, None, None, None, None, None], [None, None, None, None, None, None, None], [None, None, None, None, None, None, None], [None, None, None, None, None, None, None], [None, None, None, None, None, None, None], [None, None, None, None, None, None, None], [None, None, None, None, None, None, None], [None, None, None, None, None, None, None], [None, None, None, None, None, None, None], [None, None, None, None, None, None, None], [None, None, None, None, None, None, None], [None, None, None, None, None, None, None], [None, None, None, None, None, None, None], [None, None, None, None, None, None, None], [None, None, None, None, None, None, None], [None, None, None, None, None, None, None], [None, None, None, None, None, None, None], [None, None, None, None, None, None, None], [None, None, None, None, None, None, None], [None, None, None, None, None, None, None], [None, None, None, None, None, None, None], [None, None, None, None, None, None, None], [None, None, None, None, None, None, None], [None, None, None, None, None, None, None], [None, None, None, None, None, None, None], [None, None, None, None, None, None, None], [None, None, None, None, None, None, None], [None, None, None, None, None, None, None], [None, None, None, None, None, None, None], [None, None, None, None, None, None, None], [None, None, None, None, None, None, None], [None, None, None, None, None, None, None], [None, None, None, None, None, None, None], [None, None, None, None, None, None, None], [None, None, None, None, None, None, None], [None, None, None, None, None, None, None], [None, None, None, None, None, None, None], [None, None, None, None, None, None, None], [None, None, None, None, None, None, None], [None, None, None, None, None, None, None], [None, None, None, None, None, None, None], [None, None, None, None, None, None, None], [None, None, None, None, None, None, None], [None, None, None, None, None, None, None], [None, None, None, None, None, None, None], [None, None, None, None, None, None, None], [None, None, None, None, None, None, None], [None, None, None, None, None, None, None], [None, None, None, None, None, None, None], [None, None, None, None, None, None, None], [None, None, None, None, None, None, None], [None, None, None, None, None, None, None], [None, None, None, None, None, None, None]], 'converged': False, 'not_converged': True, 'owner_indexes': (4, 5)}"
19,"{'init_cost_vector': [1, 1.5, 2.5, 24, 25, 27.5, 29], 'profit_history': [[794.175, 779.175, 749.175, 104.17499999999995, 12.362500000000011, 0.0, 0.0], [794.1750000000661, 779.1750000000661, 749.1750000000661, 104.17500000006612, 12.36250000001101, 0.0, 0.0], [794.175, 779.175, 749.175, 104.17499999999995, 12.362500000000011, 0.0, 0.0], [794.175, 779.175, 749.175, 104.17499999999995, 12.362500000000011, 0.0, 0.0], [794.175, 779.175, 749.175, 104.17499999999995, 12.362500000000011, 0.0, 0.0], [794.175, 779.175, 749.175, 104.17499999999995, 12.362500000000011, 0.0, 0.0], [794.175, 779.175, 749.175, 104.17499999999995, 12.362500000000011, 0.0, 0.0], [794.175, 779.175, 749.175, 104.17499999999995, 12.362500000000011, 0.0, 0.0], [794.175, 779.175, 749.175, 104.17499999999995, 12.362500000000011, 0.0, 0.0], [794.175, 779.175, 749.175, 104.17499999999995, 12.362500000000011, 0.0, 0.0], [794.175, 779.175, 749.175, 104.17499999999995, 12.362500000000011, 0.0, 0.0], [794.175, 779.175, 749.175, 104.17499999999995, 12.362500000000011, 0.0, 0.0], [794.175, 779.175, 749.175, 104.17499999999995, 12.362500000000011, 0.0, 0.0], [794.175, 779.175, 749.175, 104.17499999999995, 12.362500000000011, 0.0, 0.0], [794.175, 779.175, 749.175, 104.17499999999995, 12.362500000000011, 0.0, 0.0], [794.175, 779.175, 749.175, 104.17499999999995, 12.362500000000011, 0.0, 0.0], [794.175, 779.175, 749.175, 104.17499999999995, 12.362500000000011, 0.0, 0.0], [794.175, 779.175, 749.175, 104.17499999999995, 12.362500000000011, 0.0, 0.0], [794.175, 779.175, 749.175, 104.17499999999995, 12.362500000000011, 0.0, 0.0], [794.175, 779.175, 749.175, 104.17499999999995, 12.362500000000011, 0.0, 0.0], [794.175, 779.175, 749.175, 104.17499999999995, 12.362500000000011, 0.0, 0.0], [794.175, 779.175, 749.175, 104.17499999999995, 12.362500000000011, 0.0, 0.0], [794.175, 779.175, 749.175, 104.17499999999995, 12.362500000000011, 0.0, 0.0], [794.175, 779.175, 749.175, 104.17499999999995, 12.362500000000011, 0.0, 0.0], [794.175, 779.175, 749.175, 104.17499999999995, 12.362500000000011, 0.0, 0.0], [794.175, 779.175, 749.175, 104.17499999999995, 12.362500000000011, 0.0, 0.0], [794.175, 779.175, 749.175, 104.17499999999995, 12.362500000000011, 0.0, 0.0], [794.175, 779.175, 749.175, 104.17499999999995, 12.362500000000011, 0.0, 0.0], [794.175, 779.175, 749.175, 104.17499999999995, 12.362500000000011, 0.0, 0.0], [794.175, 779.175, 749.175, 104.17499999999995, 12.362500000000011, 0.0, 0.0], [794.175, 779.175, 749.175, 104.17499999999995, 12.362500000000011, 0.0, 0.0], [794.175, 779.175, 749.175, 104.17499999999995, 12.362500000000011, 0.0, 0.0], [794.175, 779.175, 749.175, 104.17499999999995, 12.362500000000011, 0.0, 0.0], [794.175, 779.175, 749.175, 104.17499999999995, 12.362500000000011, 0.0, 0.0], [794.175, 779.175, 749.175, 104.17499999999995, 12.362500000000011, 0.0, 0.0], [794.175, 779.175, 749.175, 104.17499999999995, 12.362500000000011, 0.0, 0.0], [794.175, 779.175, 749.175, 104.17499999999995, 12.362500000000011, 0.0, 0.0], [794.175, 779.175, 749.175, 104.17499999999995, 12.362500000000011, 0.0, 0.0], [794.175, 779.175, 749.175, 104.17499999999995, 12.362500000000011, 0.0, 0.0], [794.175, 779.175, 749.175, 104.17499999999995, 12.362500000000011, 0.0, 0.0], [794.175, 779.175, 749.175, 104.17499999999995, 12.362500000000011, 0.0, 0.0], [794.175, 779.175, 749.175, 104.17499999999995, 12.362500000000011, 0.0, 0.0], [794.175, 779.175, 749.175, 104.17499999999995, 12.362500000000011, 0.0, 0.0], [794.175, 779.175, 749.175, 104.17499999999995, 12.362500000000011, 0.0, 0.0], [794.175, 779.175, 749.175, 104.17499999999995, 12.362500000000011, 0.0, 0.0], [794.175, 779.175, 749.175, 104.17499999999995, 12.362500000000011, 0.0, 0.0], [794.175, 779.175, 749.175, 104.17499999999995, 12.362500000000011, 0.0, 0.0], [794.175, 779.175, 749.175, 104.17499999999995, 12.362500000000011, 0.0, 0.0], [794.175, 779.175, 749.175, 104.17499999999995, 12.362500000000011, 0.0, 0.0], [794.175, 779.175, 749.175, 104.17499999999995, 12.362500000000011, 0.0, 0.0], [794.175, 779.175, 749.175, 104.17499999999995, 12.362500000000011, 0.0, 0.0], [794.175, 779.175, 749.175, 104.17499999999995, 12.362500000000011, 0.0, 0.0], [794.175, 779.175, 749.175, 104.17499999999995, 12.362500000000011, 0.0, 0.0], [794.175, 779.175, 749.175, 104.17499999999995, 12.362500000000011, 0.0, 0.0], [794.175, 779.175, 749.175, 104.17499999999995, 12.362500000000011, 0.0, 0.0], [794.175, 779.175, 749.175, 104.17499999999995, 12.362500000000011, 0.0, 0.0], [794.175, 779.175, 749.175, 104.17499999999995, 12.362500000000011, 0.0, 0.0], [794.175, 779.175, 749.175, 104.17499999999995, 12.362500000000011, 0.0, 0.0], [794.175, 779.175, 749.175, 104.17499999999995, 12.362500000000011, 0.0, 0.0], [794.175, 779.175, 749.175, 104.17499999999995, 12.362500000000011, 0.0, 0.0], [794.175, 779.175, 749.175, 104.17499999999995, 12.362500000000011, 0.0, 0.0], [794.175, 779.175, 749.175, 104.17499999999995, 12.362500000000011, 0.0, 0.0], [794.175, 779.175, 749.175, 104.17499999999995, 12.362500000000011, 0.0, 0.0], [794.175, 779.175, 749.175, 104.17499999999995, 12.362500000000011, 0.0, 0.0], [794.175, 779.175, 749.175, 104.17499999999995, 12.362500000000011, 0.0, 0.0], [794.175, 779.175, 749.175, 104.17499999999995, 12.362500000000011, 0.0, 0.0], [794.175, 779.175, 749.175, 104.17499999999995, 12.362500000000011, 0.0, 0.0], [794.175, 779.175, 749.175, 104.17499999999995, 12.362500000000011, 0.0, 0.0], [794.175, 779.175, 749.175, 104.17499999999995, 12.362500000000011, 0.0, 0.0], [794.175, 779.175, 749.175, 104.17499999999995, 12.362500000000011, 0.0, 0.0], [794.175, 779.175, 749.175, 104.17499999999995, 12.362500000000011, 0.0, 0.0], [794.175, 779.175, 749.175, 104.17499999999995, 12.362500000000011, 0.0, 0.0], [794.175, 779.175, 749.175, 104.17499999999995, 12.362500000000011, 0.0, 0.0], [794.175, 779.175, 749.175, 104.17499999999995, 12.362500000000011, 0.0, 0.0], [794.175, 779.175, 749.175, 104.17499999999995, 12.362500000000011, 0.0, 0.0], [794.175, 779.175, 749.175, 104.17499999999995, 12.362500000000011, 0.0, 0.0], [794.175, 779.175, 749.175, 104.17499999999995, 12.362500000000011, 0.0, 0.0], [794.175, 779.175, 749.175, 104.17499999999995, 12.362500000000011, 0.0, 0.0], [794.175, 779.175, 749.175, 104.17499999999995, 12.362500000000011, 0.0, 0.0], [794.175, 779.175, 749.175, 104.17499999999995, 12.362500000000011, 0.0, 0.0], [794.175, 779.175, 749.175, 104.17499999999995, 12.362500000000011, 0.0, 0.0], [794.175, 779.175, 749.175, 104.17499999999995, 12.362500000000011, 0.0, 0.0], [794.175, 779.175, 749.175, 104.17499999999995, 12.362500000000011, 0.0, 0.0], [794.175, 779.175, 749.175, 104.17499999999995, 12.362500000000011, 0.0, 0.0], [794.175, 779.175, 749.175, 104.17499999999995, 12.362500000000011, 0.0, 0.0], [794.175, 779.175, 749.175, 104.17499999999995, 12.362500000000011, 0.0, 0.0], [794.175, 779.175, 749.175, 104.17499999999995, 12.362500000000011, 0.0, 0.0], [794.175, 779.175, 749.175, 104.17499999999995, 12.362500000000011, 0.0, 0.0], [794.175, 779.175, 749.175, 104.17499999999995, 12.362500000000011, 0.0, 0.0], [794.175, 779.175, 749.175, 104.17499999999995, 12.362500000000011, 0.0, 0.0], [794.175, 779.175, 749.175, 104.17499999999995, 12.362500000000011, 0.0, 0.0], [794.175, 779.175, 749.175, 104.17499999999995, 12.362500000000011, 0.0, 0.0], [794.175, 779.175, 749.175, 104.17499999999995, 12.362500000000011, 0.0, 0.0], [794.175, 779.175, 749.175, 104.17499999999995, 12.362500000000011, 0.0, 0.0], [794.175, 779.175, 749.175, 104.17499999999995, 12.362500000000011, 0.0, 0.0], [794.175, 779.175, 749.175, 104.17499999999995, 12.362500000000011, 0.0, 0.0], [794.175, 779.175, 749.175, 104.17499999999995, 12.362500000000011, 0.0, 0.0], [794.175, 779.175, 749.175, 104.17499999999995, 12.362500000000011, 0.0, 0.0], [794.175, 779.175, 749.175, 104.17499999999995, 12.362500000000011, 0.0, 0.0], [794.175, 779.175, 749.175, 104.17499999999995, 12.362500000000011, 0.0, 0.0], [794.175, 779.175, 749.175, 104.17499999999995, 12.362500000000011, 0.0, 0.0], [794.175, 779.175, 749.175, 104.17499999999995, 12.362500000000011, 0.0, 0.0], [794.175, 779.175, 749.175, 104.17499999999995, 12.362500000000011, 0.0, 0.0], [794.175, 779.175, 749.175, 104.17499999999995, 12.362500000000011, 0.0, 0.0], [794.175, 779.175, 749.175, 104.17499999999995, 12.362500000000011, 0.0, 0.0], [794.175, 779.175, 749.175, 104.17499999999995, 12.362500000000011, 0.0, 0.0], [794.175, 779.175, 749.175, 104.17499999999995, 12.362500000000011, 0.0, 0.0], [794.175, 779.175, 749.175, 104.17499999999995, 12.362500000000011, 0.0, 0.0], [794.175, 779.175, 749.175, 104.17499999999995, 12.362500000000011, 0.0, 0.0], [794.175, 779.175, 749.175, 104.17499999999995, 12.362500000000011, 0.0, 0.0], [794.175, 779.175, 749.175, 104.17499999999995, 12.362500000000011, 0.0, 0.0], [794.175, 779.175, 749.175, 104.17499999999995, 12.362500000000011, 0.0, 0.0], [794.175, 779.175, 749.175, 104.17499999999995, 12.362500000000011, 0.0, 0.0], [794.175, 779.175, 749.175, 104.17499999999995, 12.362500000000011, 0.0, 0.0], [794.175, 779.175, 749.175, 104.17499999999995, 12.362500000000011, 0.0, 0.0], [794.175, 779.175, 749.175, 104.17499999999995, 12.362500000000011, 0.0, 0.0], [794.175, 779.175, 749.175, 104.17499999999995, 12.362500000000011, 0.0, 0.0], [794.175, 779.175, 749.175, 104.17499999999995, 12.362500000000011, 0.0, 0.0], [794.175, 779.175, 749.175, 104.17499999999995, 12.362500000000011, 0.0, 0.0], [794.175, 779.175, 749.175, 104.17499999999995, 12.362500000000011, 0.0, 0.0], [794.175, 779.175, 749.175, 104.17499999999995, 12.362500000000011, 0.0, 0.0], [794.175, 779.175, 749.175, 104.17499999999995, 12.362500000000011, 0.0, 0.0], [794.175, 779.175, 749.175, 104.17499999999995, 12.362500000000011, 0.0, 0.0], [794.175, 779.175, 749.175, 104.17499999999995, 12.362500000000011, 0.0, 0.0], [794.175, 779.175, 749.175, 104.17499999999995, 12.362500000000011, 0.0, 0.0], [794.175, 779.175, 749.175, 104.17499999999995, 12.362500000000011, 0.0, 0.0], [794.175, 779.175, 749.175, 104.17499999999995, 12.362500000000011, 0.0, 0.0], [794.175, 779.175, 749.175, 104.17499999999995, 12.362500000000011, 0.0, 0.0], [794.175, 779.175, 749.175, 104.17499999999995, 12.362500000000011, 0.0, 0.0], [794.175, 779.175, 749.175, 104.17499999999995, 12.362500000000011, 0.0, 0.0], [794.175, 779.175, 749.175, 104.17499999999995, 12.362500000000011, 0.0, 0.0], [794.175, 779.175, 749.175, 104.17499999999995, 12.362500000000011, 0.0, 0.0], [794.175, 779.175, 749.175, 104.17499999999995, 12.362500000000011, 0.0, 0.0], [794.175, 779.175, 749.175, 104.17499999999995, 12.362500000000011, 0.0, 0.0], [794.175, 779.175, 749.175, 104.17499999999995, 12.362500000000011, 0.0, 0.0], [794.175, 779.175, 749.175, 104.17499999999995, 12.362500000000011, 0.0, 0.0], [794.175, 779.175, 749.175, 104.17499999999995, 12.362500000000011, 0.0, 0.0], [794.175, 779.175, 749.175, 104.17499999999995, 12.362500000000011, 0.0, 0.0], [794.175, 779.175, 749.175, 104.17499999999995, 12.362500000000011, 0.0, 0.0], [794.175, 779.175, 749.175, 104.17499999999995, 12.362500000000011, 0.0, 0.0], [794.175, 779.175, 749.175, 104.17499999999995, 12.362500000000011, 0.0, 0.0], [794.175, 779.175, 749.175, 104.17499999999995, 12.362500000000011, 0.0, 0.0], [794.175, 779.175, 749.175, 104.17499999999995, 12.362500000000011, 0.0, 0.0], [794.175, 779.175, 749.175, 104.17499999999995, 12.362500000000011, 0.0, 0.0], [794.175, 779.175, 749.175, 104.17499999999995, 12.362500000000011, 0.0, 0.0], [794.175, 779.175, 749.175, 104.17499999999995, 12.362500000000011, 0.0, 0.0], [794.175, 779.175, 749.175, 104.17499999999995, 12.362500000000011, 0.0, 0.0], [794.175, 779.175, 749.175, 104.17499999999995, 12.362500000000011, 0.0, 0.0], [794.175, 779.175, 749.175, 104.17499999999995, 12.362500000000011, 0.0, 0.0], [794.175, 779.175, 749.175, 104.17499999999995, 12.362500000000011, 0.0, 0.0], [794.175, 779.175, 749.175, 104.17499999999995, 12.362500000000011, 0.0, 0.0]], 'alpha_history': [[2.49750000000088, 23.97600000000082, 2.5, 24, 27.4725, 27.5, 29], [1, 1.5, 2.5, 24, 27.472500000002203, 27.5, 29], [1, 1.5, 2.5, 24, 27.4725, 27.5, 1200.0], [1.5015000000000664, 1.5, 2.5, 24, 27.4725, 27.5, 29], [1, 1.5, 2.5, 24, 27.4725, 27.5, 1200.0], [1.5015000000000664, 1.5, 2.5, 24, 27.4725, 27.5, 29], [1, 1.5, 2.5, 24, 27.4725, 27.5, 1200.0], [1.5015000000000664, 1.5, 2.5, 24, 27.4725, 27.5, 29], [1, 1.5, 2.5, 24, 27.4725, 27.5, 29], [1.5015000000000664, 1.5, 2.5, 24, 27.4725, 27.5, 1200.0], [1.5015000000000664, 1.5030014999990609, 2.5, 24, 27.4725, 27.5, 29], [1, 1.5, 2.5, 24, 27.4725, 27.5, 1200.0], [1.5015000000000664, 1.5, 2.5, 24, 27.4725, 27.5, 1200.0], [1, 1.5030014999990609, 2.5, 24, 27.4725, 27.5, 29], [1, 1.5, 2.5, 24, 27.4725, 27.5, 1200.0], [1.5015000000000664, 1.5030014999990609, 2.5, 24, 27.4725, 27.5, 1200.0], [1.5045045014992293, 1.5, 2.5, 24, 27.4725, 27.5, 29], [1.5015000000000664, 1.5030014999990609, 2.5, 24, 27.4725, 27.5, 1200.0], [1.5045045014992293, 1.5030014999990609, 2.5, 24, 27.4725, 27.5, 29], [1, 1.5, 2.5, 24, 27.4725, 27.5, 1200.0], [1.5015000000000664, 1.5, 2.5, 24, 27.4725, 27.5, 29], [1, 1.5, 2.5, 24, 27.4725, 27.5, 1200.0], [1.5015000000000664, 1.5, 2.5, 24, 27.4725, 27.5, 29], [1, 1.5, 2.5, 24, 27.4725, 27.5, 1200.0], [1.5015000000000664, 1.5030014999990609, 2.5, 24, 27.4725, 27.5, 29], [1, 1.5, 2.5, 24, 27.4725, 27.5, 29], [1, 1.5, 2.5, 24, 27.4725, 27.5, 1200.0], [1.5015000000000664, 1.5030014999990609, 2.5, 24, 27.4725, 27.5, 1200.0], [1, 1.5, 2.5, 24, 27.4725, 27.5, 29], [1.5015000000000664, 1.5030014999990609, 2.5, 24, 27.4725, 27.5, 1200.0], [1.5045045014992293, 1.5030014999990609, 2.5, 24, 27.4725, 27.5, 29], [1, 1.5, 2.5, 24, 27.4725, 27.5, 1200.0], [1.5015000000000664, 1.5030014999990609, 2.5, 24, 27.4725, 27.5, 1200.0], [1, 1.5, 2.5, 24, 27.4725, 27.5, 29], [1.5015000000000664, 1.5, 2.5, 24, 27.4725, 27.5, 1200.0], [1.5015000000000664, 1.5, 2.5, 24, 27.4725, 27.5, 29], [1, 1.5, 2.5, 24, 27.4725, 27.5, 1200.0], [1.5015000000000664, 1.5, 2.5, 24, 27.4725, 27.5, 29], [1, 1.5, 2.5, 24, 27.4725, 27.5, 1200.0], [1.5015000000000664, 1.5, 2.5, 24, 27.4725, 27.5, 29], [1, 1.5, 2.5, 24, 27.4725, 27.5, 1200.0], [1.5015000000000664, 1.5030014999990609, 2.5, 24, 27.4725, 27.5, 1200.0], [1.5045045014992293, 1.506009006001238, 2.5, 24, 27.4725, 27.5, 29], [1, 1.5, 2.5, 24, 27.4725, 27.5, 29], [1.5015000000000664, 1.5, 2.5, 24, 27.4725, 27.5, 1200.0], [1, 1.5, 2.5, 24, 27.4725, 27.5, 29], [1.5015000000000664, 1.5, 2.5, 24, 27.4725, 27.5, 1200.0], [1.5015000000000664, 1.5, 2.5, 24, 27.4725, 27.5, 29], [1, 1.5, 2.5, 24, 27.4725, 27.5, 1200.0], [1.5015000000000664, 1.5030014999990609, 2.5, 24, 27.4725, 27.5, 1200.0], [1.5045045014992293, 1.506009006001238, 2.5, 24, 27.4725, 27.5, 29], [1, 1.5, 2.5, 24, 27.4725, 27.5, 29], [1.5015000000000664, 1.5, 2.5, 24, 27.4725, 27.5, 1200.0], [1, 1.5030014999990609, 2.5, 24, 27.4725, 27.5, 29], [1, 1.5, 2.5, 24, 27.4725, 27.5, 1200.0], [1.5015000000000664, 1.5, 2.5, 24, 27.4725, 27.5, 1200.0], [1, 1.5, 2.5, 24, 27.4725, 27.5, 29], [1, 1.5, 2.5, 24, 27.4725, 27.5, 1200.0], [1.5015000000000664, 1.5030014999990609, 2.5, 24, 27.4725, 27.5, 29], [1, 1.5, 2.5, 24, 27.4725, 27.5, 29], [1, 1.5, 2.5, 24, 27.4725, 27.5, 1200.0], [1.5015000000000664, 1.5030014999990609, 2.5, 24, 27.4725, 27.5, 29], [1, 1.5, 2.5, 24, 27.4725, 27.5, 1200.0], [1.5015000000000664, 1.5030014999990609, 2.5, 24, 27.4725, 27.5, 1200.0], [1.5045045014992293, 1.5030014999990609, 2.5, 24, 27.4725, 27.5, 29], [1.5015000000000664, 1.5, 2.5, 24, 27.4725, 27.5, 1200.0], [1.5015000000000664, 1.5, 2.5, 24, 27.4725, 27.5, 29], [1, 1.5, 2.5, 24, 27.4725, 27.5, 1200.0], [1.5015000000000664, 1.5, 2.5, 24, 27.4725, 27.5, 29], [1, 1.5, 2.5, 24, 27.4725, 27.5, 1200.0], [1.5015000000000664, 1.5, 2.5, 24, 27.4725, 27.5, 1200.0], [1, 1.5, 2.5, 24, 27.4725, 27.5, 29], [1, 1.5, 2.5, 24, 27.4725, 27.5, 1200.0], [1.5015000000000664, 1.5, 2.5, 24, 27.4725, 27.5, 1200.0], [1, 1.5, 2.5, 24, 27.4725, 27.5, 29], [1, 1.5, 2.5, 24, 27.4725, 27.5, 1200.0], [1.5015000000000664, 1.5, 2.5, 24, 27.4725, 27.5, 1200.0], [1.5015000000000664, 1.5030014999990609, 2.5, 24, 27.4725, 27.5, 29], [1, 1.5, 2.5, 24, 27.4725, 27.5, 29], [1, 1.5, 2.5, 24, 27.4725, 27.5, 1200.0], [1.5015000000000664, 1.5030014999990609, 2.5, 24, 27.4725, 27.5, 29], [1, 1.5, 2.5, 24, 27.4725, 27.5, 29], [1, 1.5, 2.5, 24, 27.4725, 27.5, 1200.0], [1.5015000000000664, 1.5, 2.5, 24, 27.4725, 27.5, 29], [1, 1.5, 2.5, 24, 27.4725, 27.5, 1200.0], [1.5015000000000664, 1.5, 2.5, 24, 27.4725, 27.5, 29], [1, 1.5, 2.5, 24, 27.4725, 27.5, 29], [1.5015000000000664, 1.5030014999990609, 2.5, 24, 27.4725, 27.5, 1200.0], [1, 1.5, 2.5, 24, 27.4725, 27.5, 29], [1.5015000000000664, 1.5, 2.5, 24, 27.4725, 27.5, 1200.0], [1, 1.5030014999990609, 2.5, 24, 27.4725, 27.5, 29], [1, 1.5, 2.5, 24, 27.4725, 27.5, 1200.0], [1.5015000000000664, 1.5030014999990609, 2.5, 24, 27.4725, 27.5, 1200.0], [1.5045045014992293, 1.506009006001238, 2.5, 24, 27.4725, 27.5, 29], [1, 1.5, 2.5, 24, 27.4725, 27.5, 29], [1.5015000000000664, 1.5030014999990609, 2.5, 24, 27.4725, 27.5, 1200.0], [1, 1.5, 2.5, 24, 27.4725, 27.5, 29], [1, 1.5, 2.5, 24, 27.4725, 27.5, 1200.0], [1.5015000000000664, 1.5030014999990609, 2.5, 24, 27.4725, 27.5, 29], [1, 1.5, 2.5, 24, 27.4725, 27.5, 29], [1.5015000000000664, 1.5, 2.5, 24, 27.4725, 27.5, 1200.0], [1, 1.5, 2.5, 24, 27.4725, 27.5, 29], [1, 1.5, 2.5, 24, 27.4725, 27.5, 1200.0], [1.5015000000000664, 1.5, 2.5, 24, 27.4725, 27.5, 1200.0], [1.5015000000000664, 1.5030014999990609, 2.5, 24, 27.4725, 27.5, 29], [1, 1.5, 2.5, 24, 27.4725, 27.5, 29], [1, 1.5, 2.5, 24, 27.4725, 27.5, 1200.0], [1.5015000000000664, 1.5030014999990609, 2.5, 24, 27.4725, 27.5, 1200.0], [1.5045045014992293, 1.506009006001238, 2.5, 24, 27.4725, 27.5, 29], [1, 1.5, 2.5, 24, 27.4725, 27.5, 1200.0], [1.5015000000000664, 1.5, 2.5, 24, 27.4725, 27.5, 1200.0], [1.5015000000000664, 1.5, 2.5, 24, 27.4725, 27.5, 29], [1, 1.5, 2.5, 24, 27.4725, 27.5, 1200.0], [1.5015000000000664, 1.5, 2.5, 24, 27.4725, 27.5, 1200.0], [1.5015000000000664, 1.5030014999990609, 2.5, 24, 27.4725, 27.5, 29], [1, 1.5, 2.5, 24, 27.4725, 27.5, 29], [1, 1.5, 2.5, 24, 27.4725, 27.5, 1200.0], [1.5015000000000664, 1.5, 2.5, 24, 27.4725, 27.5, 1200.0], [1, 1.5, 2.5, 24, 27.4725, 27.5, 29], [1, 1.5, 2.5, 24, 27.4725, 27.5, 1200.0], [1.5015000000000664, 1.5, 2.5, 24, 27.4725, 27.5, 29], [1, 1.5, 2.5, 24, 27.4725, 27.5, 1200.0], [1.5015000000000664, 1.5, 2.5, 24, 27.4725, 27.5, 1200.0], [1.5015000000000664, 1.5, 2.5, 24, 27.4725, 27.5, 29], [1, 1.5, 2.5, 24, 27.4725, 27.5, 29], [1.5015000000000664, 1.5, 2.5, 24, 27.4725, 27.5, 1200.0], [1.5015000000000664, 1.5, 2.5, 24, 27.4725, 27.5, 29], [1, 1.5, 2.5, 24, 27.4725, 27.5, 1200.0], [1.5015000000000664, 1.5, 2.5, 24, 27.4725, 27.5, 1200.0], [1.5015000000000664, 1.5, 2.5, 24, 27.4725, 27.5, 29], [1, 1.5, 2.5, 24, 27.4725, 27.5, 29], [1, 1.5, 2.5, 24, 27.4725, 27.5, 1200.0], [1.5015000000000664, 1.5, 2.5, 24, 27.4725, 27.5, 1200.0], [1, 1.5, 2.5, 24, 27.4725, 27.5, 29], [1.5015000000000664, 1.5, 2.5, 24, 27.4725, 27.5, 1200.0], [1.5045045014992293, 1.5030014999990609, 2.5, 24, 27.4725, 27.5, 29], [1, 1.5, 2.5, 24, 27.4725, 27.5, 1200.0], [1.5015000000000664, 1.5030014999990609, 2.5, 24, 27.4725, 27.5, 29], [1, 1.5, 2.5, 24, 27.4725, 27.5, 29], [1.5015000000000664, 1.5030014999990609, 2.5, 24, 27.4725, 27.5, 1200.0], [1, 1.5, 2.5, 24, 27.4725, 27.5, 29], [1, 1.5, 2.5, 24, 27.4725, 27.5, 1200.0], [1.5015000000000664, 1.5030014999990609, 2.5, 24, 27.4725, 27.5, 1200.0], [1.5045045014992293, 1.5030014999990609, 2.5, 24, 27.4725, 27.5, 29], [1, 1.5, 2.5, 24, 27.4725, 27.5, 1200.0], [1.5015000000000664, 1.5030014999990609, 2.5, 24, 27.4725, 27.5, 29], [1, 1.5, 2.5, 24, 27.4725, 27.5, 29], [1, 1.5, 2.5, 24, 27.4725, 27.5, 1200.0], [1.5015000000000664, 1.5, 2.5, 24, 27.4725, 27.5, 29], [1, 1.5, 2.5, 24, 27.4725, 27.5, 29], [1.5015000000000664, 1.5, 2.5, 24, 27.4725, 27.5, 1200.0]], 'dispatch_history': [[30.0, 30.0, 30.0, 30.0, 5.0, 0.0, 0.0], [30.0, 30.0, 30.0, 30.0, 5.0, 0.0, 0.0], [30.0, 30.0, 30.0, 30.0, 5.0, 0.0, 0.0], [30.0, 30.0, 30.0, 30.0, 5.0, 0.0, 0.0], [30.0, 30.0, 30.0, 30.0, 5.0, 0.0, 0.0], [30.0, 30.0, 30.0, 30.0, 5.0, 0.0, 0.0], [30.0, 30.0, 30.0, 30.0, 5.0, 0.0, 0.0], [30.0, 30.0, 30.0, 30.0, 5.0, 0.0, 0.0], [30.0, 30.0, 30.0, 30.0, 5.0, 0.0, 0.0], [30.0, 30.0, 30.0, 30.0, 5.0, 0.0, 0.0], [30.0, 30.0, 30.0, 30.0, 5.0, 0.0, 0.0], [30.0, 30.0, 30.0, 30.0, 5.0, 0.0, 0.0], [30.0, 30.0, 30.0, 30.0, 5.0, 0.0, 0.0], [30.0, 30.0, 30.0, 30.0, 5.0, 0.0, 0.0], [30.0, 30.0, 30.0, 30.0, 5.0, 0.0, 0.0], [30.0, 30.0, 30.0, 30.0, 5.0, 0.0, 0.0], [30.0, 30.0, 30.0, 30.0, 5.0, 0.0, 0.0], [30.0, 30.0, 30.0, 30.0, 5.0, 0.0, 0.0], [30.0, 30.0, 30.0, 30.0, 5.0, 0.0, 0.0], [30.0, 30.0, 30.0, 30.0, 5.0, 0.0, 0.0], [30.0, 30.0, 30.0, 30.0, 5.0, 0.0, 0.0], [30.0, 30.0, 30.0, 30.0, 5.0, 0.0, 0.0], [30.0, 30.0, 30.0, 30.0, 5.0, 0.0, 0.0], [30.0, 30.0, 30.0, 30.0, 5.0, 0.0, 0.0], [30.0, 30.0, 30.0, 30.0, 5.0, 0.0, 0.0], [30.0, 30.0, 30.0, 30.0, 5.0, 0.0, 0.0], [30.0, 30.0, 30.0, 30.0, 5.0, 0.0, 0.0], [30.0, 30.0, 30.0, 30.0, 5.0, 0.0, 0.0], [30.0, 30.0, 30.0, 30.0, 5.0, 0.0, 0.0], [30.0, 30.0, 30.0, 30.0, 5.0, 0.0, 0.0], [30.0, 30.0, 30.0, 30.0, 5.0, 0.0, 0.0], [30.0, 30.0, 30.0, 30.0, 5.0, 0.0, 0.0], [30.0, 30.0, 30.0, 30.0, 5.0, 0.0, 0.0], [30.0, 30.0, 30.0, 30.0, 5.0, 0.0, 0.0], [30.0, 30.0, 30.0, 30.0, 5.0, 0.0, 0.0], [30.0, 30.0, 30.0, 30.0, 5.0, 0.0, 0.0], [30.0, 30.0, 30.0, 30.0, 5.0, 0.0, 0.0], [30.0, 30.0, 30.0, 30.0, 5.0, 0.0, 0.0], [30.0, 30.0, 30.0, 30.0, 5.0, 0.0, 0.0], [30.0, 30.0, 30.0, 30.0, 5.0, 0.0, 0.0], [30.0, 30.0, 30.0, 30.0, 5.0, 0.0, 0.0], [30.0, 30.0, 30.0, 30.0, 5.0, 0.0, 0.0], [30.0, 30.0, 30.0, 30.0, 5.0, 0.0, 0.0], [30.0, 30.0, 30.0, 30.0, 5.0, 0.0, 0.0], [30.0, 30.0, 30.0, 30.0, 5.0, 0.0, 0.0], [30.0, 30.0, 30.0, 30.0, 5.0, 0.0, 0.0], [30.0, 30.0, 30.0, 30.0, 5.0, 0.0, 0.0], [30.0, 30.0, 30.0, 30.0, 5.0, 0.0, 0.0], [30.0, 30.0, 30.0, 30.0, 5.0, 0.0, 0.0], [30.0, 30.0, 30.0, 30.0, 5.0, 0.0, 0.0], [30.0, 30.0, 30.0, 30.0, 5.0, 0.0, 0.0], [30.0, 30.0, 30.0, 30.0, 5.0, 0.0, 0.0], [30.0, 30.0, 30.0, 30.0, 5.0, 0.0, 0.0], [30.0, 30.0, 30.0, 30.0, 5.0, 0.0, 0.0], [30.0, 30.0, 30.0, 30.0, 5.0, 0.0, 0.0], [30.0, 30.0, 30.0, 30.0, 5.0, 0.0, 0.0], [30.0, 30.0, 30.0, 30.0, 5.0, 0.0, 0.0], [30.0, 30.0, 30.0, 30.0, 5.0, 0.0, 0.0], [30.0, 30.0, 30.0, 30.0, 5.0, 0.0, 0.0], [30.0, 30.0, 30.0, 30.0, 5.0, 0.0, 0.0], [30.0, 30.0, 30.0, 30.0, 5.0, 0.0, 0.0], [30.0, 30.0, 30.0, 30.0, 5.0, 0.0, 0.0], [30.0, 30.0, 30.0, 30.0, 5.0, 0.0, 0.0], [30.0, 30.0, 30.0, 30.0, 5.0, 0.0, 0.0], [30.0, 30.0, 30.0, 30.0, 5.0, 0.0, 0.0], [30.0, 30.0, 30.0, 30.0, 5.0, 0.0, 0.0], [30.0, 30.0, 30.0, 30.0, 5.0, 0.0, 0.0], [30.0, 30.0, 30.0, 30.0, 5.0, 0.0, 0.0], [30.0, 30.0, 30.0, 30.0, 5.0, 0.0, 0.0], [30.0, 30.0, 30.0, 30.0, 5.0, 0.0, 0.0], [30.0, 30.0, 30.0, 30.0, 5.0, 0.0, 0.0], [30.0, 30.0, 30.0, 30.0, 5.0, 0.0, 0.0], [30.0, 30.0, 30.0, 30.0, 5.0, 0.0, 0.0], [30.0, 30.0, 30.0, 30.0, 5.0, 0.0, 0.0], [30.0, 30.0, 30.0, 30.0, 5.0, 0.0, 0.0], [30.0, 30.0, 30.0, 30.0, 5.0, 0.0, 0.0], [30.0, 30.0, 30.0, 30.0, 5.0, 0.0, 0.0], [30.0, 30.0, 30.0, 30.0, 5.0, 0.0, 0.0], [30.0, 30.0, 30.0, 30.0, 5.0, 0.0, 0.0], [30.0, 30.0, 30.0, 30.0, 5.0, 0.0, 0.0], [30.0, 30.0, 30.0, 30.0, 5.0, 0.0, 0.0], [30.0, 30.0, 30.0, 30.0, 5.0, 0.0, 0.0], [30.0, 30.0, 30.0, 30.0, 5.0, 0.0, 0.0], [30.0, 30.0, 30.0, 30.0, 5.0, 0.0, 0.0], [30.0, 30.0, 30.0, 30.0, 5.0, 0.0, 0.0], [30.0, 30.0, 30.0, 30.0, 5.0, 0.0, 0.0], [30.0, 30.0, 30.0, 30.0, 5.0, 0.0, 0.0], [30.0, 30.0, 30.0, 30.0, 5.0, 0.0, 0.0], [30.0, 30.0, 30.0, 30.0, 5.0, 0.0, 0.0], [30.0, 30.0, 30.0, 30.0, 5.0, 0.0, 0.0], [30.0, 30.0, 30.0, 30.0, 5.0, 0.0, 0.0], [30.0, 30.0, 30.0, 30.0, 5.0, 0.0, 0.0], [30.0, 30.0, 30.0, 30.0, 5.0, 0.0, 0.0], [30.0, 30.0, 30.0, 30.0, 5.0, 0.0, 0.0], [30.0, 30.0, 30.0, 30.0, 5.0, 0.0, 0.0], [30.0, 30.0, 30.0, 30.0, 5.0, 0.0, 0.0], [30.0, 30.0, 30.0, 30.0, 5.0, 0.0, 0.0], [30.0, 30.0, 30.0, 30.0, 5.0, 0.0, 0.0], [30.0, 30.0, 30.0, 30.0, 5.0, 0.0, 0.0], [30.0, 30.0, 30.0, 30.0, 5.0, 0.0, 0.0], [30.0, 30.0, 30.0, 30.0, 5.0, 0.0, 0.0], [30.0, 30.0, 30.0, 30.0, 5.0, 0.0, 0.0], [30.0, 30.0, 30.0, 30.0, 5.0, 0.0, 0.0], [30.0, 30.0, 30.0, 30.0, 5.0, 0.0, 0.0], [30.0, 30.0, 30.0, 30.0, 5.0, 0.0, 0.0], [30.0, 30.0, 30.0, 30.0, 5.0, 0.0, 0.0], [30.0, 30.0, 30.0, 30.0, 5.0, 0.0, 0.0], [30.0, 30.0, 30.0, 30.0, 5.0, 0.0, 0.0], [30.0, 30.0, 30.0, 30.0, 5.0, 0.0, 0.0], [30.0, 30.0, 30.0, 30.0, 5.0, 0.0, 0.0], [30.0, 30.0, 30.0, 30.0, 5.0, 0.0, 0.0], [30.0, 30.0, 30.0, 30.0, 5.0, 0.0, 0.0], [30.0, 30.0, 30.0, 30.0, 5.0, 0.0, 0.0], [30.0, 30.0, 30.0, 30.0, 5.0, 0.0, 0.0], [30.0, 30.0, 30.0, 30.0, 5.0, 0.0, 0.0], [30.0, 30.0, 30.0, 30.0, 5.0, 0.0, 0.0], [30.0, 30.0, 30.0, 30.0, 5.0, 0.0, 0.0], [30.0, 30.0, 30.0, 30.0, 5.0, 0.0, 0.0], [30.0, 30.0, 30.0, 30.0, 5.0, 0.0, 0.0], [30.0, 30.0, 30.0, 30.0, 5.0, 0.0, 0.0], [30.0, 30.0, 30.0, 30.0, 5.0, 0.0, 0.0], [30.0, 30.0, 30.0, 30.0, 5.0, 0.0, 0.0], [30.0, 30.0, 30.0, 30.0, 5.0, 0.0, 0.0], [30.0, 30.0, 30.0, 30.0, 5.0, 0.0, 0.0], [30.0, 30.0, 30.0, 30.0, 5.0, 0.0, 0.0], [30.0, 30.0, 30.0, 30.0, 5.0, 0.0, 0.0], [30.0, 30.0, 30.0, 30.0, 5.0, 0.0, 0.0], [30.0, 30.0, 30.0, 30.0, 5.0, 0.0, 0.0], [30.0, 30.0, 30.0, 30.0, 5.0, 0.0, 0.0], [30.0, 30.0, 30.0, 30.0, 5.0, 0.0, 0.0], [30.0, 30.0, 30.0, 30.0, 5.0, 0.0, 0.0], [30.0, 30.0, 30.0, 30.0, 5.0, 0.0, 0.0], [30.0, 30.0, 30.0, 30.0, 5.0, 0.0, 0.0], [30.0, 30.0, 30.0, 30.0, 5.0, 0.0, 0.0], [30.0, 30.0, 30.0, 30.0, 5.0, 0.0, 0.0], [30.0, 30.0, 30.0, 30.0, 5.0, 0.0, 0.0], [30.0, 30.0, 30.0, 30.0, 5.0, 0.0, 0.0], [30.0, 30.0, 30.0, 30.0, 5.0, 0.0, 0.0], [30.0, 30.0, 30.0, 30.0, 5.0, 0.0, 0.0], [30.0, 30.0, 30.0, 30.0, 5.0, 0.0, 0.0], [30.0, 30.0, 30.0, 30.0, 5.0, 0.0, 0.0], [30.0, 30.0, 30.0, 30.0, 5.0, 0.0, 0.0], [30.0, 30.0, 30.0, 30.0, 5.0, 0.0, 0.0], [30.0, 30.0, 30.0, 30.0, 5.0, 0.0, 0.0], [30.0, 30.0, 30.0, 30.0, 5.0, 0.0, 0.0], [30.0, 30.0, 30.0, 30.0, 5.0, 0.0, 0.0], [30.0, 30.0, 30.0, 30.0, 5.0, 0.0, 0.0], [30.0, 30.0, 30.0, 30.0, 5.0, 0.0, 0.0], [30.0, 30.0, 30.0, 30.0, 5.0, 0.0, 0.0], [30.0, 30.0, 30.0, 30.0, 5.0, 0.0, 0.0], [30.0, 30.0, 30.0, 30.0, 5.0, 0.0, 0.0]], 'iterations': 151, 'PoA': 3.451319095477387, 'final_dispatch': [30.0, 30.0, 30.0, 30.0, 5.0, 0.0, 0.0], 'final_bid': [1.5015000000000664, 1.5, 2.5, 24, 27.4725, 27.5, 1200.0], 'clearing_price': 27.4725, 'clearing_price_history': [27.4725, 27.472500000002203, 27.4725, 27.4725, 27.4725, 27.4725, 27.4725, 27.4725, 27.4725, 27.4725, 27.4725, 27.4725, 27.4725, 27.4725, 27.4725, 27.4725, 27.4725, 27.4725, 27.4725, 27.4725, 27.4725, 27.4725, 27.4725, 27.4725, 27.4725, 27.4725, 27.4725, 27.4725, 27.4725, 27.4725, 27.4725, 27.4725, 27.4725, 27.4725, 27.4725, 27.4725, 27.4725, 27.4725, 27.4725, 27.4725, 27.4725, 27.4725, 27.4725, 27.4725, 27.4725, 27.4725, 27.4725, 27.4725, 27.4725, 27.4725, 27.4725, 27.4725, 27.4725, 27.4725, 27.4725, 27.4725, 27.4725, 27.4725, 27.4725, 27.4725, 27.4725, 27.4725, 27.4725, 27.4725, 27.4725, 27.4725, 27.4725, 27.4725, 27.4725, 27.4725, 27.4725, 27.4725, 27.4725, 27.4725, 27.4725, 27.4725, 27.4725, 27.4725, 27.4725, 27.4725, 27.4725, 27.4725, 27.4725, 27.4725, 27.4725, 27.4725, 27.4725, 27.4725, 27.4725, 27.4725, 27.4725, 27.4725, 27.4725, 27.4725, 27.4725, 27.4725, 27.4725, 27.4725, 27.4725, 27.4725, 27.4725, 27.4725, 27.4725, 27.4725, 27.4725, 27.4725, 27.4725, 27.4725, 27.4725, 27.4725, 27.4725, 27.4725, 27.4725, 27.4725, 27.4725, 27.4725, 27.4725, 27.4725, 27.4725, 27.4725, 27.4725, 27.4725, 27.4725, 27.4725, 27.4725, 27.4725, 27.4725, 27.4725, 27.4725, 27.4725, 27.4725, 27.4725, 27.4725, 27.4725, 27.4725, 27.4725, 27.4725, 27.4725, 27.4725, 27.4725, 27.4725, 27.4725, 27.4725, 27.4725, 27.4725, 27.4725, 27.4725, 27.4725, 27.4725, 27.4725, 27.4725], 'dispatch_ED': [30.0, 30.0, 30.0, 30.0, 5.0, 0.0, 0.0], 'clearing_price_ED': 25.0, 'weight_history': [[None, None, None, None, None, None, None], [None, None, None, None, None, None, None], [None, None, None, None, None, None, None], [None, None, None, None, None, None, None], [None, None, None, None, None, None, None], [None, None, None, None, None, None, None], [None, None, None, None, None, None, None], [None, None, None, None, None, None, None], [None, None, None, None, None, None, None], [None, None, None, None, None, None, None], [None, None, None, None, None, None, None], [None, None, None, None, None, None, None], [None, None, None, None, None, None, None], [None, None, None, None, None, None, None], [None, None, None, None, None, None, None], [None, None, None, None, None, None, None], [None, None, None, None, None, None, None], [None, None, None, None, None, None, None], [None, None, None, None, None, None, None], [None, None, None, None, None, None, None], [None, None, None, None, None, None, None], [None, None, None, None, None, None, None], [None, None, None, None, None, None, None], [None, None, None, None, None, None, None], [None, None, None, None, None, None, None], [None, None, None, None, None, None, None], [None, None, None, None, None, None, None], [None, None, None, None, None, None, None], [None, None, None, None, None, None, None], [None, None, None, None, None, None, None], [None, None, None, None, None, None, None], [None, None, None, None, None, None, None], [None, None, None, None, None, None, None], [None, None, None, None, None, None, None], [None, None, None, None, None, None, None], [None, None, None, None, None, None, None], [None, None, None, None, None, None, None], [None, None, None, None, None, None, None], [None, None, None, None, None, None, None], [None, None, None, None, None, None, None], [None, None, None, None, None, None, None], [None, None, None, None, None, None, None], [None, None, None, None, None, None, None], [None, None, None, None, None, None, None], [None, None, None, None, None, None, None], [None, None, None, None, None, None, None], [None, None, None, None, None, None, None], [None, None, None, None, None, None, None], [None, None, None, None, None, None, None], [None, None, None, None, None, None, None], [None, None, None, None, None, None, None], [None, None, None, None, None, None, None], [None, None, None, None, None, None, None], [None, None, None, None, None, None, None], [None, None, None, None, None, None, None], [None, None, None, None, None, None, None], [None, None, None, None, None, None, None], [None, None, None, None, None, None, None], [None, None, None, None, None, None, None], [None, None, None, None, None, None, None], [None, None, None, None, None, None, None], [None, None, None, None, None, None, None], [None, None, None, None, None, None, None], [None, None, None, None, None, None, None], [None, None, None, None, None, None, None], [None, None, None, None, None, None, None], [None, None, None, None, None, None, None], [None, None, None, None, None, None, None], [None, None, None, None, None, None, None], [None, None, None, None, None, None, None], [None, None, None, None, None, None, None], [None, None, None, None, None, None, None], [None, None, None, None, None, None, None], [None, None, None, None, None, None, None], [None, None, None, None, None, None, None], [None, None, None, None, None, None, None], [None, None, None, None, None, None, None], [None, None, None, None, None, None, None], [None, None, None, None, None, None, None], [None, None, None, None, None, None, None], [None, None, None, None, None, None, None], [None, None, None, None, None, None, None], [None, None, None, None, None, None, None], [None, None, None, None, None, None, None], [None, None, None, None, None, None, None], [None, None, None, None, None, None, None], [None, None, None, None, None, None, None], [None, None, None, None, None, None, None], [None, None, None, None, None, None, None], [None, None, None, None, None, None, None], [None, None, None, None, None, None, None], [None, None, None, None, None, None, None], [None, None, None, None, None, None, None], [None, None, None, None, None, None, None], [None, None, None, None, None, None, None], [None, None, None, None, None, None, None], [None, None, None, None, None, None, None], [None, None, None, None, None, None, None], [None, None, None, None, None, None, None], [None, None, None, None, None, None, None], [None, None, None, None, None, None, None], [None, None, None, None, None, None, None], [None, None, None, None, None, None, None], [None, None, None, None, None, None, None], [None, None, None, None, None, None, None], [None, None, None, None, None, None, None], [None, None, None, None, None, None, None], [None, None, None, None, None, None, None], [None, None, None, None, None, None, None], [None, None, None, None, None, None, None], [None, None, None, None, None, None, None], [None, None, None, None, None, None, None], [None, None, None, None, None, None, None], [None, None, None, None, None, None, None], [None, None, None, None, None, None, None], [None, None, None, None, None, None, None], [None, None, None, None, None, None, None], [None, None, None, None, None, None, None], [None, None, None, None, None, None, None], [None, None, None, None, None, None, None], [None, None, None, None, None, None, None], [None, None, None, None, None, None, None], [None, None, None, None, None, None, None], [None, None, None, None, None, None, None], [None, None, None, None, None, None, None], [None, None, None, None, None, None, None], [None, None, None, None, None, None, None], [None, None, None, None, None, None, None], [None, None, None, None, None, None, None], [None, None, None, None, None, None, None], [None, None, None, None, None, None, None], [None, None, None, None, None, None, None], [None, None, None, None, None, None, None], [None, None, None, None, None, None, None], [None, None, None, None, None, None, None], [None, None, None, None, None, None, None], [None, None, None, None, None, None, None], [None, None, None, None, None, None, None], [None, None, None, None, None, None, None], [None, None, None, None, None, None, None], [None, None, None, None, None, None, None], [None, None, None, None, None, None, None], [None, None, None, None, None, None, None], [None, None, None, None, None, None, None], [None, None, None, None, None, None, None], [None, None, None, None, None, None, None], [None, None, None, None, None, None, None], [None, None, None, None, None, None, None], [None, None, None, None, None, None, None], [None, None, None, None, None, None, None], [None, None, None, None, None, None, None]], 'converged': False, 'not_converged': True, 'owner_indexes': (4, 6)}"
20,"{'init_cost_vector': [1, 1.5, 2.5, 24, 25, 27.5, 29], 'profit_history': [[794.1750000000302, 779.1750000000302, 749.1750000000302, 104.1750000000302, 12.362500000005014, 0.0, 0.0], [794.1750000000302, 779.1750000000302, 749.1750000000302, 104.1750000000302, 12.362500000005014, 0.0, 0.0], [794.1750000000025, 779.1750000000025, 749.1750000000025, 104.17500000000246, 12.36250000000041, 0.0, 0.0], [794.1750000000025, 779.1750000000025, 749.1750000000025, 104.17500000000246, 12.36250000000041, 0.0, 0.0], [794.1750000000025, 779.1750000000025, 749.1750000000025, 104.17500000000246, 12.36250000000041, 0.0, 0.0], [794.1750000000025, 779.1750000000025, 749.1750000000025, 104.17500000000246, 12.36250000000041, 0.0, 0.0], [794.1750000000025, 779.1750000000025, 749.1750000000025, 104.17500000000246, 12.36250000000041, 0.0, 0.0]], 'alpha_history': [[23.97600000000082, 2.49750000000088, 2.5, 24, 27.472500000001006, 27.5, 29], [1, 1.5, 2.5, 24, 27.472500000001006, 27.5, 29], [1, 1.5, 2.5, 24, 27.472500000000082, 27.5, 29], [1, 1.5, 2.5, 24, 27.472500000000082, 27.5, 29], [1, 1.5, 2.5, 24, 27.472500000000082, 27.5, 29], [1, 1.5, 2.5, 24, 27.472500000000082, 27.5, 29], [1, 1.5, 2.5, 24, 27.472500000000082, 27.5, 29]], 'dispatch_history': [[30.0, 30.0, 30.0, 30.0, 5.0, 0.0, 0.0], [30.0, 30.0, 30.0, 30.0, 5.0, 0.0, 0.0], [30.0, 30.0, 30.0, 30.0, 5.0, 0.0, 0.0], [30.0, 30.0, 30.0, 30.0, 5.0, 0.0, 0.0], [30.0, 30.0, 30.0, 30.0, 5.0, 0.0, 0.0], [30.0, 30.0, 30.0, 30.0, 5.0, 0.0, 0.0], [30.0, 30.0, 30.0, 30.0, 5.0, 0.0, 0.0]], 'iterations': 6, 'PoA': 3.451319095477397, 'final_dispatch': [30.0, 30.0, 30.0, 30.0, 5.0, 0.0, 0.0], 'final_bid': [1, 1.5, 2.5, 24, 27.472500000000082, 27.5, 29], 'clearing_price': 27.472500000000082, 'clearing_price_history': [27.472500000001006, 27.472500000001006, 27.472500000000082, 27.472500000000082, 27.472500000000082, 27.472500000000082, 27.472500000000082], 'dispatch_ED': [30.0, 30.0, 30.0, 30.0, 5.0, 0.0, 0.0], 'clearing_price_ED': 25.0, 'weight_history': [[None, None, None, None, None, None, None], [None, None, None, None, None, None, None], [None, None, None, None, None, None, None], [None, None, None, None, None, None, None], [None, None, None, None, None, None, None], [None, None, None, None, None, None, None], [None, None, None, None, None, None, None]], 'converged': True, 'not_converged': False, 'owner_indexes': (5, 6)}"
